mol_pred_loaded,mol_true_loaded,mol_cond_loaded,sanitization,inchi_convertible,all_atoms_connected,no_radicals,molecular_formula,molecular_bonds,double_bond_stereochemistry,tetrahedral_chirality,bond_lengths,bond_angles,internal_steric_clash,aromatic_ring_flatness,non-aromatic_ring_non-flatness,double_bond_flatness,internal_energy,protein-ligand_maximum_distance,minimum_distance_to_protein,minimum_distance_to_organic_cofactors,minimum_distance_to_inorganic_cofactors,minimum_distance_to_waters,volume_overlap_with_protein,volume_overlap_with_organic_cofactors,volume_overlap_with_inorganic_cofactors,volume_overlap_with_waters,rmsd_≤_2å,passes_valence_checks,passes_kekulization,no_radicals_before_sanitization,inchi_crystal_valid,inchi_docked_valid,inchi_crystal,inchi_docked,inchi_overall,inchi_version,hydrogens,net_charge,protons,stereo_sp3,stereo_sp3_inverted,stereo_type,stereochemistry_preserved,number_bonds,shortest_bond_relative_length,longest_bond_relative_length,number_short_outlier_bonds,number_long_outlier_bonds,number_angles,most_extreme_relative_angle,number_outlier_angles,number_noncov_pairs,shortest_noncovalent_relative_distance,number_clashes,number_valid_bonds,number_valid_angles,number_valid_noncov_pairs,number_aromatic_rings_checked,number_aromatic_rings_pass,aromatic_ring_maximum_distance_from_plane,number_non-aromatic_rings_checked,number_non-aromatic_rings_pass,non-aromatic_ring_maximum_distance_from_plane,number_double_bonds_checked,number_double_bonds_pass,double_bond_maximum_distance_from_plane,num_h_added,mol_pred_energy,ensemble_avg_energy,energy_ratio,smallest_distance_protein,num_pairwise_clashes_protein,most_extreme_ligand_atom_id_protein,most_extreme_protein_atom_id_protein,most_extreme_ligand_element_protein,most_extreme_protein_element_protein,most_extreme_ligand_vdw_protein,most_extreme_protein_vdw_protein,most_extreme_sum_radii_protein,most_extreme_distance_protein,most_extreme_sum_radii_scaled_protein,most_extreme_relative_distance_protein,most_extreme_clash_protein,smallest_distance_organic_cofactors,not_too_far_away_organic_cofactors,num_pairwise_clashes_organic_cofactors,most_extreme_ligand_atom_id_organic_cofactors,most_extreme_protein_atom_id_organic_cofactors,most_extreme_ligand_element_organic_cofactors,most_extreme_protein_element_organic_cofactors,most_extreme_ligand_vdw_organic_cofactors,most_extreme_protein_vdw_organic_cofactors,most_extreme_sum_radii_organic_cofactors,most_extreme_distance_organic_cofactors,most_extreme_sum_radii_scaled_organic_cofactors,most_extreme_relative_distance_organic_cofactors,most_extreme_clash_organic_cofactors,smallest_distance_inorganic_cofactors,not_too_far_away_inorganic_cofactors,num_pairwise_clashes_inorganic_cofactors,most_extreme_ligand_atom_id_inorganic_cofactors,most_extreme_protein_atom_id_inorganic_cofactors,most_extreme_ligand_element_inorganic_cofactors,most_extreme_protein_element_inorganic_cofactors,most_extreme_ligand_vdw_inorganic_cofactors,most_extreme_protein_vdw_inorganic_cofactors,most_extreme_sum_radii_inorganic_cofactors,most_extreme_distance_inorganic_cofactors,most_extreme_sum_radii_scaled_inorganic_cofactors,most_extreme_relative_distance_inorganic_cofactors,most_extreme_clash_inorganic_cofactors,smallest_distance_waters,not_too_far_away_waters,num_pairwise_clashes_waters,most_extreme_ligand_atom_id_waters,most_extreme_protein_atom_id_waters,most_extreme_ligand_element_waters,most_extreme_protein_element_waters,most_extreme_ligand_vdw_waters,most_extreme_protein_vdw_waters,most_extreme_sum_radii_waters,most_extreme_distance_waters,most_extreme_sum_radii_scaled_waters,most_extreme_relative_distance_waters,most_extreme_clash_waters,volume_overlap_protein,volume_overlap_organic_cofactors,volume_overlap_inorganic_cofactors,volume_overlap_waters,rmsd,kabsch_rmsd,centroid_distance,mol_id
True,True,True,True,True,True,True,False,True,True,True,True,True,True,True,True,True,True,True,True,True,True,True,True,True,True,True,False,True,True,True,True,True,"InChI=1S/C5H13NO4/c6-3(5(9)10)1-2-4(7)8/h3-5,7-10H,1-2,6H2/t3-/m0/s1","InChI=1S/C5H9NO4/c6-3(5(9)10)1-2-4(7)8/h3H,1-2,6H2,(H,7,8)(H,9,10)/t3-/m0/s1",False,True,False,True,True,True,True,True,True,9,0.9924553405923028,0.9991740605246832,0,0,11,1.001722766758146,0,25,0.9870251715711327,0,9,11,25,0,0,,0,0,,0,0,,9,26.113190033537524,9.35700219127547,2.790764552549281,2.3524577381963727,0,9,3097,O,O,1.55,1.55,3.1,2.3524577381963727,3.1,0.7588573349020556,False,,False,0,,,,,,,,,,,,,False,0,,,,,,,,,,,,,False,0,,,,,,,,,,,,0.03297145154804986,,,,37.59131102543512,0.9775008884472687,37.49330173781578,5k45_2_GLU_1
True,True,True,True,True,True,True,False,True,True,True,True,True,True,True,True,True,True,True,False,True,True,True,True,True,True,True,False,True,True,True,True,True,"InChI=1S/C4H11NO4/c5-2(4(8)9)1-3(6)7/h2-4,6-9H,1,5H2/t2-/m0/s1","InChI=1S/C4H7NO4/c5-2(4(8)9)1-3(6)7/h2H,1,5H2,(H,6,7)(H,8,9)/t2-/m0/s1",False,True,False,True,True,True,True,True,True,8,0.9936030416831318,0.9990113369253848,0,0,10,1.0010280462477517,0,18,1.0395964154913153,0,8,10,18,0,0,,0,0,,0,0,,7,20.54299610702144,7.423027956614363,2.767468508415949,2.0185901862438542,1,7,2851,O,O,1.55,1.55,3.1,2.0185901862438542,3.1,0.6511581245947917,True,,False,0,,,,,,,,,,,,,False,0,,,,,,,,,,,,,False,0,,,,,,,,,,,,0.059674502712477394,,,,35.392959287280725,1.0477535898261878,35.28052782855554,6paa_1_ASP_2
True,True,True,True,True,True,True,False,True,True,False,True,True,True,True,True,True,True,True,False,True,True,True,True,True,True,True,False,True,True,True,True,True,"InChI=1S/C9H28N3O14P3/c10-5-1-2-12(9(15)11-5)8-7(14)6(13)4(24-8)3-23-28(19,20)26-29(21,22)25-27(16,17)18/h4-9,11,13-22,27-29H,1-3,10H2/t4-,5+,6-,7-,8-,9-/m1/s1","InChI=1S/C9H16N3O14P3/c10-5-1-2-12(9(15)11-5)8-7(14)6(13)4(24-8)3-23-28(19,20)26-29(21,22)25-27(16,17)18/h1-2,4,6-8,13-14H,3H2,(H,19,20)(H,21,22)(H2,10,11,15)(H2,16,17,18)/t4-,6-,7-,8-/m1/s1",False,True,False,True,True,False,True,True,False,30,0.9902111008911649,1.0031223899524404,0,0,47,1.0053944043256955,0,329,0.7168998140828015,0,30,47,329,1,1,1.6525085468177547e-05,0,0,,0,0,,16,96.6377414423369,38.907182905682276,2.4838020700857077,2.1223513422616938,3,17,644,O,N,1.55,1.6,3.1500000000000004,2.1223513422616938,3.1500000000000004,0.6737623308767281,True,,False,0,,,,,,,,,,,,,False,0,,,,,,,,,,,,,False,0,,,,,,,,,,,,0.03589816933638444,,,,59.94960506744897,3.112355653094923,59.69926298648244,4kgx_1_CTP_5
True,True,True,True,True,True,True,True,True,True,False,False,True,True,True,True,True,True,True,False,True,True,True,True,True,True,True,True,True,True,True,True,True,"InChI=1S/C19H44N8O13P2S2.Mo.2H2O/c20-7-1-2-27(19(31)22-7)17-11(29)10(28)5(39-17)3-36-41(32,33)40-42(34,35)37-4-6-12(43)13(44)8-16(38-6)24-14-9(23-8)15(30)26-18(21)25-14;;;/h5-19,22-26,28-35,41-44H,1-4,20-21H2;;2*1H2/q;+4;;/p-4/t5-,6-,7+,8+,9+,10-,11-,12-,13+,14+,15+,16-,17-,18-,19-;;;/m1.../s1","InChI=1S/C19H44N8O13P2S2.Mo.2H2O/c20-7-1-2-27(19(31)22-7)17-11(29)10(28)5(39-17)3-36-41(32,33)40-42(34,35)37-4-6-12(43)13(44)8-16(38-6)24-14-9(23-8)15(30)26-18(21)25-14;;;/h5-19,22-26,28-35,41-44H,1-4,20-21H2;;2*1H2/q;+4;;/p-4/t5-,6-,7-,8+,9+,10-,11-,12-,13+,14+,15-,16-,17-,18-,19+;;;/m1.../s1",False,True,True,True,True,False,True,True,False,52,0.7384444355354017,1.0101198051028752,1,0,82,1.208232197175024,0,947,0.882996766525866,0,51,82,947,0,0,,1,1,0.24043502026808017,0,0,,44,7508404723.209308,1051134543.9160985,7.143143346080184,1.9174769203304618,8,45,6040,O,O,1.55,1.55,3.1,1.9174769203304618,3.1,0.6185409420420844,True,,False,0,,,,,,,,,,,,,False,0,,,,,,,,,,,,,False,0,,,,,,,,,,,,0.06729415904292751,,,,1.4775397369462926,1.4307297206232188,0.34682580248631495,1sij_1_PCD_0
True,True,True,True,True,True,True,False,True,True,False,True,True,True,True,True,True,True,True,False,True,True,True,False,True,True,True,False,True,True,True,True,True,"InChI=1S/C9H24N2O12P2/c12-5-1-2-11(9(15)10-5)8-7(14)6(13)4(22-8)3-21-25(19,20)23-24(16,17)18/h4-10,12-20,24-25H,1-3H2/t4-,5-,6-,7-,8-,9-/m1/s1","InChI=1S/C9H14N2O12P2/c12-5-1-2-11(9(15)10-5)8-7(14)6(13)4(22-8)3-21-25(19,20)23-24(16,17)18/h1-2,4,6-8,13-14H,3H2,(H,19,20)(H,10,12,15)(H2,16,17,18)/t4-,6-,7-,8-/m1/s1",False,True,False,True,True,False,True,True,False,26,0.9814740370370544,1.0082632370239208,0,0,40,1.0243641039599796,0,234,0.9597192283478063,0,26,40,234,1,1,3.524630527505443e-05,0,0,,0,0,,14,90.01196829652918,35.98032889849326,2.5016994299987787,0.690136971912097,28,21,395,O,O,1.55,1.55,3.1,0.690136971912097,3.1,0.22262482964906355,True,,False,0,,,,,,,,,,,,,False,0,,,,,,,,,,,,,False,0,,,,,,,,,,,,0.1906138411834722,,,,6.249773930407403,1.3812205926985677,4.887712331402487,4phs_1_UDP_0
True,True,True,True,True,True,True,False,True,True,False,True,True,True,True,True,True,True,True,False,True,True,True,True,True,True,True,False,True,True,True,True,True,"InChI=1S/C13H31N7O8S/c14-5(1-21)12(24)19-29(25,26)27-2-6-8(22)9(23)13(28-6)20-4-18-7-10(15)16-3-17-11(7)20/h5-13,16-19,21-26H,1-4,14-15H2/t5-,6+,7-,8+,9+,10-,11-,12+,13+/m0/s1","InChI=1S/C13H19N7O8S/c14-5(1-21)12(24)19-29(25,26)27-2-6-8(22)9(23)13(28-6)20-4-18-7-10(15)16-3-17-11(7)20/h3-6,8-9,13,21-23H,1-2,14H2,(H,19,24)(H2,15,16,17)/t5-,6+,8+,9+,13+/m0/s1",False,True,False,True,True,False,True,True,False,31,0.9908327111975601,1.005914806735303,0,0,46,1.0137719778414276,0,329,0.9857614143920885,0,31,46,329,1,1,1.3761432883216407e-05,0,0,,0,0,,19,131.39412750828717,90.17940925336715,1.4570302533156274,2.1426571237601233,3,14,1444,O,C,1.55,1.7,3.25,2.1426571237601233,3.25,0.6592791150031149,True,,False,0,,,,,,,,,,,,,False,0,,,,,,,,,,,,,False,0,,,,,,,,,,,,0.04644239356951474,,,,6.464783213636042,1.960312226929059,2.396922592703032,1tkg_1_SSA_0
True,True,True,True,True,True,True,False,True,True,True,True,True,True,True,True,True,True,True,False,True,True,True,False,True,True,True,True,True,True,True,True,True,"InChI=1S/C8H18O2/c1-2-3-4-5-6-7-8(9)10/h8-10H,2-7H2,1H3","InChI=1S/C8H16O2/c1-2-3-4-5-6-7-8(9)10/h2-7H2,1H3,(H,9,10)",False,True,False,True,True,True,True,True,True,9,0.9866465577451288,1.0044668180689815,0,0,9,1.0007175551213625,0,27,1.0073579645838002,0,9,9,27,0,0,,0,0,,0,0,,16,24.895505396235453,10.703491684379138,2.3259237387523166,1.7795661830907006,4,7,69,C,O,1.7,1.55,3.25,1.7795661830907006,3.25,0.5475588255663694,True,,False,0,,,,,,,,,,,,,False,0,,,,,,,,,,,,,False,0,,,,,,,,,,,,0.09340659340659341,,,,0.9128859726165146,0.8784559315894717,0.19469544858573162,1u8u_1_OCA_0
True,True,True,True,True,True,True,False,True,True,True,True,True,True,True,True,True,True,True,False,True,True,True,False,True,True,True,True,True,True,True,True,True,"InChI=1S/C8H18O2/c1-2-3-4-5-6-7-8(9)10/h8-10H,2-7H2,1H3","InChI=1S/C8H16O2/c1-2-3-4-5-6-7-8(9)10/h2-7H2,1H3,(H,9,10)",False,True,False,True,True,True,True,True,True,9,0.9944650083327266,0.9950393308594,0,0,9,1.0002477268433407,0,27,1.0159662476036617,0,9,9,27,0,0,,0,0,,0,0,,16,12.15340427245491,10.703491684379138,1.135461644744565,1.817533642054528,3,7,69,C,O,1.7,1.55,3.25,1.817533642054528,3.25,0.5592411206321625,True,,False,0,,,,,,,,,,,,,False,0,,,,,,,,,,,,,False,0,,,,,,,,,,,,0.0936930368209989,,,,1.684737134985753,0.5858078033254054,1.2576713816414757,1v2g_1_OCA_0
True,True,True,True,True,True,True,False,True,True,False,True,True,True,True,True,True,True,True,False,True,True,True,True,True,True,True,False,True,True,True,True,True,"InChI=1S/C11H24N4O2S/c16-6-5-8-3-1-2-4-9(8)13-11(17)14-10-7-12-15-18-10/h8-17H,1-7H2/t8-,9-,10-,11-/m1/s1","InChI=1S/C11H12N4O2S/c16-6-5-8-3-1-2-4-9(8)13-11(17)14-10-7-12-15-18-10/h1-4,7,16H,5-6H2,(H2,13,14,17)",False,True,False,True,True,False,False,False,False,19,0.9756116287959247,1.0103016656113497,0,0,24,1.0331219812724268,0,110,0.9823261655199689,0,19,24,110,2,2,0.0001426429670908346,0,0,,0,0,,12,139.5731731278503,75.802560176375,1.841272548091989,1.640632707219989,3,5,439,N,O,1.6,1.55,3.1500000000000004,1.640632707219989,3.1500000000000004,0.5208357800698378,True,,False,0,,,,,,,,,,,,,False,0,,,,,,,,,,,,,False,0,,,,,,,,,,,,0.07450980392156863,,,,6.331956488277889,0.8112907962896958,3.257985701873336,5hqx_1_EDZ_0
True,True,True,True,True,True,True,False,True,True,False,True,True,True,True,True,True,True,True,False,True,True,True,True,True,True,True,False,True,True,True,True,True,"InChI=1S/C15H34N6O5S/c1-27(3-2-7(16)15(24)25)4-8-10(22)11(23)14(26-8)21-6-20-9-12(17)18-5-19-13(9)21/h7-15,18-20,22-25,27H,2-6,16-17H2,1H3/t7-,8+,9-,10+,11+,12-,13+,14+/m0/s1","InChI=1S/C15H22N6O5S/c1-27(3-2-7(16)15(24)25)4-8-10(22)11(23)14(26-8)21-6-20-9-12(17)18-5-19-13(9)21/h5-8,10-11,14,22-23H,2-4,16H2,1H3,(H2-,17,18,19,24,25)/p+1/t7-,8+,10+,11+,14+,27-/m0/s1",False,True,False,True,False,False,True,True,False,29,0.9661074847302611,1.0077310777847668,0,0,42,1.030562255978939,0,280,0.8129142770152014,0,29,42,280,1,1,1.1392086476047503e-05,0,0,,0,0,,22,159.58001576909726,77.72684229829248,2.0530875956169257,2.1270810421796362,2,0,5557,C,O,1.7,1.55,3.25,2.1270810421796362,3.25,0.6544864745168112,True,,False,0,,,,,,,,,,,,,False,0,,,,,,,,,,,,,False,0,,,,,,,,,,,,0.05636449037106623,,,,32.38481531563486,0.7581704207841548,31.822466856403498,2v7u_1_SAM_2
True,True,True,True,True,True,True,False,True,True,False,True,True,True,True,True,True,True,True,False,True,True,True,True,True,True,True,False,True,True,True,True,True,"InChI=1S/C9H28N3O13P3/c10-7-1-2-12(9(14)11-7)8-3-5(13)6(23-8)4-22-27(18,19)25-28(20,21)24-26(15,16)17/h5-9,11,13-21,26-28H,1-4,10H2/t5-,6+,7-,8+,9+/m0/s1","InChI=1S/C9H16N3O13P3/c10-7-1-2-12(9(14)11-7)8-3-5(13)6(23-8)4-22-27(18,19)25-28(20,21)24-26(15,16)17/h1-2,5-6,8,13H,3-4H2,(H,18,19)(H,20,21)(H2,10,11,14)(H2,15,16,17)/t5-,6+,8+/m0/s1",False,True,False,True,True,False,True,True,False,29,0.9951076435394481,1.0070007098055251,0,0,45,1.0031530985845398,0,304,1.002446083292373,0,29,45,304,1,1,6.812918289633707e-06,0,0,,0,0,,16,78.94237642627253,35.96399719145691,2.195038999864702,2.0537082777259315,1,22,6321,O,N,1.55,1.6,3.1500000000000004,2.0537082777259315,3.1500000000000004,0.651970881817756,True,,False,0,,,,,,,,,,,,,False,0,,,,,,,,,,,,,False,0,,,,,,,,,,,,0.02313927781871776,,,,27.196345762580993,1.7957570467441661,25.646196660777804,4fyv_1_DCP_2
True,True,True,True,True,True,True,False,True,True,False,True,True,True,True,True,True,True,True,False,True,True,True,False,True,True,True,False,True,True,True,True,True,"InChI=1S/C9H24N2O12P2/c12-5-1-2-11(9(15)10-5)8-7(14)6(13)4(22-8)3-21-25(19,20)23-24(16,17)18/h4-10,12-20,24-25H,1-3H2/t4-,5-,6-,7-,8-,9-/m1/s1","InChI=1S/C9H14N2O12P2/c12-5-1-2-11(9(15)10-5)8-7(14)6(13)4(22-8)3-21-25(19,20)23-24(16,17)18/h1-2,4,6-8,13-14H,3H2,(H,19,20)(H,10,12,15)(H2,16,17,18)/t4-,6-,7-,8-/m1/s1",False,True,False,True,True,False,True,True,False,26,0.9873965476265352,1.003271701970964,0,0,40,1.0098652154103616,0,234,1.0053711492417825,0,26,40,234,1,1,3.79083210523554e-05,0,0,,0,0,,14,59.24025466155332,35.98032889849326,1.6464622885655198,0.8676156637590182,26,15,1006,O,N,1.55,1.6,3.1500000000000004,0.8676156637590182,3.1500000000000004,0.2754335440504819,True,,False,0,,,,,,,,,,,,,False,0,,,,,,,,,,,,,False,0,,,,,,,,,,,,0.20919229469415343,,,,6.225061166093068,1.1916350509387204,4.8032612103794605,4pfx_1_UDP_0
True,True,True,True,True,True,True,False,True,True,False,True,True,True,True,True,True,True,True,False,True,True,True,False,True,True,True,False,True,True,True,True,True,"InChI=1S/C11H24NO9P/c13-8-7(5-20-22(17,18)19)21-10(9(8)14)12-3-1-2-6(4-12)11(15)16/h6-11,13-19,22H,1-5H2/t6-,7+,8+,9+,10+/m0/s1","InChI=1S/C11H14NO9P/c13-8-7(5-20-22(17,18)19)21-10(9(8)14)12-3-1-2-6(4-12)11(15)16/h1-4,7-10,13-14H,5H2,(H2-,15,16,17,18,19)/p+1/t7-,8-,9-,10-/m1/s1",False,True,False,True,False,False,False,True,False,23,0.98760159108143,1.0080036881566041,0,0,34,1.0091171241032004,0,174,1.0023466416180227,0,23,34,174,1,1,2.059142885130205e-05,0,0,,0,0,,14,59.27218836301803,35.610631729114516,1.664452032580998,1.1264327276850583,7,16,1625,O,O,1.55,1.55,3.1,1.1264327276850583,3.1,0.36336539602743817,True,,False,0,,,,,,,,,,,,,False,0,,,,,,,,,,,,,False,0,,,,,,,,,,,,0.10405847278322754,,,,36.94938423908135,0.8958982761481067,36.884653207892406,4uoc_1_NCN_1
True,True,True,True,True,True,True,False,True,True,False,True,True,False,True,True,True,True,True,False,True,True,True,False,True,True,True,False,True,True,True,True,True,"InChI=1S/C4H12N4O3/c5-3(10)6-1-2(9)8-4(11)7-1/h1-4,6-11H,5H2/t1-,2-,3-,4+/m1/s1","InChI=1S/C4H4N4O3/c5-3(10)6-1-2(9)8-4(11)7-1/h(H4,5,6,7,8,9,10,11)",False,True,False,True,True,False,False,False,False,11,1.0054522313425467,1.0031741370581426,0,0,15,1.0003888630235993,0,29,0.6501904774549541,1,11,15,28,0,0,,0,0,,0,0,,4,51.09649193779358,40.95952084249653,1.2474875410353845,1.3318887753862931,8,2,884,O,O,1.55,1.55,3.1,1.3318887753862931,3.1,0.42964154044719133,True,,False,0,,,,,,,,,,,,,False,0,,,,,,,,,,,,,False,0,,,,,,,,,,,,0.19779353821907014,,,,2.4864128025220293,0.9720304643880566,0.9894363515667166,3o7j_1_2AL_0
True,True,True,True,True,True,True,False,True,True,True,True,True,True,True,True,True,True,True,False,True,True,True,True,True,True,True,False,True,True,True,True,True,"InChI=1S/C4H11NO4/c5-2(4(8)9)1-3(6)7/h2-4,6-9H,1,5H2/t2-/m0/s1","InChI=1S/C4H7NO4/c5-2(4(8)9)1-3(6)7/h2H,1,5H2,(H,6,7)(H,8,9)/t2-/m0/s1",False,True,False,True,True,True,True,True,True,8,0.9978454601291773,1.0012653298285314,0,0,10,1.0044558363189537,0,18,1.0097556482796828,0,8,10,18,0,0,,0,0,,0,0,,7,11.210982182677355,7.423027956614363,1.5102977178858255,1.7634639037984328,1,8,3096,O,O,1.55,1.55,3.1,1.7634639037984328,3.1,0.5688593238059461,True,,False,0,,,,,,,,,,,,,False,0,,,,,,,,,,,,,False,0,,,,,,,,,,,,0.0602247191011236,,,,3.412261608115975,0.9932498807045622,2.7397817681859116,5k3o_2_ASP_0
True,True,True,True,True,True,True,False,True,True,False,True,True,True,True,True,True,True,True,False,True,True,True,False,True,True,True,False,True,True,True,True,True,"InChI=1S/C10H31N6O12P3/c11-8-5-9(13-2-12-8)16(3-14-5)10-7(18)6(17)4(27-10)1-26-31(24,25)28-30(22,23)15-29(19,20)21/h4-10,12-15,17-25,29-31H,1-3,11H2/t4-,5+,6-,7-,8+,9+,10-/m1/s1","InChI=1S/C10H17N6O12P3/c11-8-5-9(13-2-12-8)16(3-14-5)10-7(18)6(17)4(27-10)1-26-31(24,25)28-30(22,23)15-29(19,20)21/h2-4,6-7,10,17-18H,1H2,(H,24,25)(H2,11,12,13)(H4,15,19,20,21,22,23)/t4-,6-,7-,10-/m1/s1",False,True,False,True,True,False,True,True,False,33,0.9895484152074314,1.0075136265293125,0,0,52,1.0125765826499935,0,380,0.9112312529920557,0,33,52,380,1,1,5.3457254963917844e-05,0,0,,0,0,,17,199.3401062115196,76.74709984587251,2.597363374145013,1.8518471076198488,11,8,4656,C,C,1.7,1.7,3.4,1.8518471076198488,3.4,0.5446609140058379,True,,False,0,,,,,,,,,,,,,False,0,,,,,,,,,,,,,False,0,,,,,,,,,,,,0.07617879531207414,,,,32.571860919838315,2.556725893156035,32.06735584944741,3se5_1_ANP_2
True,True,True,True,True,True,True,False,True,False,False,True,True,True,True,True,True,True,True,False,True,True,True,True,True,True,True,False,True,True,True,True,True,"InChI=1S/C10H20O2/c1-3-4-8-5-6-9(11)10(7-8)12-2/h8-11H,3-7H2,1-2H3/t8-,9-,10-/m1/s1","InChI=1S/C10H12O2/c1-3-4-8-5-6-9(11)10(7-8)12-2/h3-7,11H,1-2H3/b4-3+",False,True,False,True,True,False,False,False,False,12,0.9825374777336374,1.0125002145019208,0,0,15,1.0056373057433874,0,39,1.000213240251296,0,12,15,39,1,1,3.032482396830849e-05,0,0,,0,0,,12,35.4427484671272,24.13990831118503,1.4682221659767072,2.539596609700052,1,10,4809,C,C,1.7,1.7,3.4,2.539596609700052,3.4,0.7469401793235447,True,,False,0,,,,,,,,,,,,,False,0,,,,,,,,,,,,,False,0,,,,,,,,,,,,0.021283671433322247,,,,43.54133270692343,0.5923102487894157,43.385967492876276,5fxd_1_H7Y_1
True,True,True,True,True,True,True,False,True,True,False,True,True,False,True,True,True,True,True,False,True,True,True,True,True,True,True,True,True,True,True,True,True,"InChI=1S/C27H59N9O15P2/c1-10-3-12-13(4-11(10)2)35(24-18(32-12)25(42)34-27(43)33-24)5-14(37)19(39)15(38)6-48-52(44,45)51-53(46,47)49-7-16-20(40)21(41)26(50-16)36-9-31-17-22(28)29-8-30-23(17)36/h10-27,29-34,37-47,52-53H,3-9,28H2,1-2H3/t10-,11+,12+,13+,14+,15-,16-,17+,18+,19+,20-,21-,22+,23+,24+,25+,26-,27-/m1/s1","InChI=1S/C27H33N9O15P2/c1-10-3-12-13(4-11(10)2)35(24-18(32-12)25(42)34-27(43)33-24)5-14(37)19(39)15(38)6-48-52(44,45)51-53(46,47)49-7-16-20(40)21(41)26(50-16)36-9-31-17-22(28)29-8-30-23(17)36/h3-4,8-9,14-16,19-21,26,37-41H,5-7H2,1-2H3,(H,44,45)(H,46,47)(H2,28,29,30)(H,34,42,43)/t14-,15+,16+,19-,20+,21+,26+/m0/s1",False,True,False,True,True,False,False,True,False,58,0.9733692592135103,1.013721782223111,0,0,89,1.017914198210628,0,1231,0.5573781477451079,1,58,89,1230,4,4,0.0010661078433106264,0,0,,0,0,,33,573.2965717453404,139.9984973685704,4.095019464644948,2.2884788943750363,1,8,3318,N,O,1.6,1.55,3.1500000000000004,2.2884788943750363,3.1500000000000004,0.7265012363095352,True,,False,0,,,,,,,,,,,,,False,0,,,,,,,,,,,,,False,0,,,,,,,,,,,,0.027736131934032984,,,,0.7696063650788052,0.7360138277982338,0.14910364417754576,4cdn_2_FAD_0
True,True,True,True,True,True,True,True,True,True,False,True,True,True,True,True,True,True,True,False,True,True,True,True,True,True,True,False,True,True,True,True,True,"InChI=1S/C6H12O6/c7-1-2-3(8)4(9)5(10)6(11)12-2/h2-11H,1H2/t2-,3-,4+,5-,6+/m1/s1","InChI=1S/C6H12O6/c7-1-2-3(8)4(9)5(10)6(11)12-2/h2-11H,1H2/t2-,3-,4+,5-,6-/m1/s1",False,True,True,True,True,False,True,True,False,12,0.9863988282761765,1.0067647719499822,0,0,17,1.006023537470304,0,37,1.0585441400363942,0,12,17,37,0,0,,5,5,0.3093160987233799,0,0,,12,49.594662302453685,30.099157175897453,1.6477093365978923,1.9326535566417486,1,5,3651,O,O,1.55,1.55,3.1,1.9326535566417486,3.1,0.6234366311747576,True,,False,0,,,,,,,,,,,,,False,0,,,,,,,,,,,,,False,0,,,,,,,,,,,,0.06624158696422246,,,,39.41430175071819,0.41053896038449506,39.277949902558774,4tvd_1_GLC_0
True,True,True,True,True,True,True,False,True,True,False,True,True,True,True,True,True,True,True,False,True,True,True,True,True,True,True,False,True,True,True,True,True,"InChI=1S/C16H28ClF3N2O3/c17-11-7-12(9-13(8-11)25-16(18,19)20)21-15(24)22-14-4-2-1-3-10(14)5-6-23/h10-15,21-24H,1-9H2/t10-,11+,12+,13+,14+,15-/m1/s1","InChI=1S/C16H14ClF3N2O3/c17-11-7-12(9-13(8-11)25-16(18,19)20)21-15(24)22-14-4-2-1-3-10(14)5-6-23/h1-4,7-9,23H,5-6H2,(H2,21,22,24)",False,True,False,True,True,False,False,False,False,26,0.9797070518845354,1.013343821937199,0,0,36,1.0076267260942073,0,238,0.9902750793043898,0,26,36,238,2,2,3.373226515102079e-05,0,0,,0,0,,14,88.63607155260654,49.412097215880365,1.7938131863814137,2.219757554328851,1,0,2849,O,C,1.55,1.7,3.25,2.219757554328851,3.25,0.6830023244088772,True,,False,0,,,,,,,,,,,,,False,0,,,,,,,,,,,,,False,0,,,,,,,,,,,,0.034407151290268174,,,,3.8323080510835767,2.1980644615027964,1.7370790427427227,6yap_1_OHZ_0
True,True,True,True,True,True,True,False,True,True,False,True,True,True,True,True,True,True,True,False,True,True,True,False,True,True,True,False,True,True,True,True,True,"InChI=1S/C10H22N5O6P/c11-8-5-9(13-2-12-8)15(3-14-5)10-7-6(4(1-16)19-10)20-22(17,18)21-7/h4-10,12-14,16-18,22H,1-3,11H2/t4-,5+,6-,7-,8+,9-,10-/m1/s1","InChI=1S/C10H12N5O6P/c11-8-5-9(13-2-12-8)15(3-14-5)10-7-6(4(1-16)19-10)20-22(17,18)21-7/h2-4,6-7,10,16H,1H2,(H,17,18)(H2,11,12,13)/t4-,6-,7-,10-/m1/s1",False,True,False,True,True,False,True,True,False,25,0.9712576860553211,1.008227272102442,0,0,39,1.0257651651528368,0,167,0.9873003474289411,0,25,39,167,1,1,3.073746133763766e-05,0,0,,0,0,,12,107.94055851369599,71.48611876571819,1.509951307714021,1.3271841168428737,6,14,2916,O,C,1.55,1.7,3.25,1.3271841168428737,3.25,0.4083643436439611,True,,False,0,,,,,,,,,,,,,False,0,,,,,,,,,,,,,False,0,,,,,,,,,,,,0.07907444668008048,,,,11.874724851223826,0.7676260466642333,10.613602000101077,6o70_1_ACK_1
True,True,True,True,True,True,True,True,True,True,True,True,True,True,True,True,True,True,True,True,True,True,True,True,True,True,True,True,True,True,True,True,True,"InChI=1S/C5H14NO/c1-6(2,3)4-5-7/h7H,4-5H2,1-3H3/q+1","InChI=1S/C5H14NO/c1-6(2,3)4-5-7/h7H,4-5H2,1-3H3/q+1",True,True,True,True,True,True,True,True,True,6,0.9824893942878297,1.0080078733439974,0,0,8,1.0002667237199532,0,7,1.1739431706527188,0,6,8,7,0,0,,0,0,,0,0,,14,38.96965114603988,22.07556756131201,1.7652842237377027,3.010330885467578,0,5,913,C,O,1.7,1.55,3.25,3.010330885467578,3.25,0.9262556570669471,False,,False,0,,,,,,,,,,,,,False,0,,,,,,,,,,,,,False,0,,,,,,,,,,,,0.010230179028132993,,,,0.9691654944921868,0.05236233976887448,0.6751654468441363,4cnl_1_CHT_1
True,True,True,True,True,True,True,False,True,True,False,True,True,True,True,True,True,True,True,False,True,True,True,False,True,True,True,False,True,True,True,True,True,"InChI=1S/C5H10O3/c6-5(7)4-2-1-3-8-4/h4-7H,1-3H2/t4-/m1/s1","InChI=1S/C5H4O3/c6-5(7)4-2-1-3-8-4/h1-3H,(H,6,7)",False,True,False,True,True,False,False,False,False,8,1.0028817640941956,1.0048532477235632,0,0,10,1.004757413205002,0,10,1.0037880690898664,0,8,10,10,1,1,6.616990236740783e-06,0,0,,0,0,,4,36.19867602146738,34.439994719438225,1.0510650862857578,1.1186242845567043,4,2,10012,O,N,1.55,1.6,3.1500000000000004,1.1186242845567043,3.1500000000000004,0.3551188204941918,True,,False,0,,,,,,,,,,,,,False,0,,,,,,,,,,,,,False,0,,,,,,,,,,,,0.1463157894736842,,,,46.758842043751464,0.07749793266556468,46.66203113854655,2gag_1_FOA_0
True,True,True,True,True,True,True,False,True,True,False,True,True,True,True,True,True,True,True,False,True,True,True,False,True,True,True,False,True,True,True,True,True,"InChI=1S/C7H18NOS/c1-7(9)10-6-5-8(2,3)4/h7,9H,5-6H2,1-4H3/q+1/t7-/m1/s1","InChI=1S/C7H16NOS/c1-7(9)10-6-5-8(2,3)4/h5-6H2,1-4H3/q+1",False,True,False,True,True,False,False,False,False,9,0.986683966087957,1.0001347677626926,0,0,12,1.00273218884203,0,24,1.0683632156432845,0,9,12,24,0,0,,0,0,,0,0,,16,45.71163450546956,21.779356260813508,2.098851497632012,1.7955537001159276,5,9,401,C,C,1.7,1.7,3.4,1.7955537001159276,3.4,0.5281040294458611,True,,False,0,,,,,,,,,,,,,False,0,,,,,,,,,,,,,False,0,,,,,,,,,,,,0.1494612443517553,,,,5.535946246487588,1.062204829882236,3.1213536284118737,6ur1_2_AT3_0
True,True,True,True,True,True,True,False,True,True,False,True,True,True,True,True,True,True,True,False,True,True,True,True,True,True,True,True,True,True,True,True,True,"InChI=1S/C27H59N9O15P2/c1-10-3-12-13(4-11(10)2)35(24-18(32-12)25(42)34-27(43)33-24)5-14(37)19(39)15(38)6-48-52(44,45)51-53(46,47)49-7-16-20(40)21(41)26(50-16)36-9-31-17-22(28)29-8-30-23(17)36/h10-27,29-34,37-47,52-53H,3-9,28H2,1-2H3/t10-,11+,12+,13-,14+,15-,16-,17+,18+,19+,20-,21-,22+,23-,24+,25+,26-,27-/m1/s1","InChI=1S/C27H33N9O15P2/c1-10-3-12-13(4-11(10)2)35(24-18(32-12)25(42)34-27(43)33-24)5-14(37)19(39)15(38)6-48-52(44,45)51-53(46,47)49-7-16-20(40)21(41)26(50-16)36-9-31-17-22(28)29-8-30-23(17)36/h3-4,8-9,14-16,19-21,26,37-41H,5-7H2,1-2H3,(H,44,45)(H,46,47)(H2,28,29,30)(H,34,42,43)/t14-,15+,16+,19-,20+,21+,26+/m0/s1",False,True,False,True,True,False,False,True,False,58,0.9827062024728273,1.0135393647638302,0,0,89,1.0141733537036572,0,1231,0.9601997846442172,0,58,89,1231,4,4,0.00017512160372154528,0,0,,0,0,,33,207.00641565668653,139.9984973685704,1.478633124980664,1.8202480298025296,6,10,2872,O,N,1.55,1.6,3.1500000000000004,1.8202480298025296,3.1500000000000004,0.5778565173976284,True,,False,0,,,,,,,,,,,,,False,0,,,,,,,,,,,,,False,0,,,,,,,,,,,,0.0499052952318208,,,,0.9031938476401918,0.4248439446179011,0.6673058766260893,3gf4_1_FAD_1
True,True,True,True,True,True,True,False,True,True,False,True,True,True,True,True,True,True,True,False,True,True,True,False,True,True,True,True,True,True,True,True,True,"InChI=1S/C2H7NO/c1-2(3)4/h2,4H,3H2,1H3/t2-/m1/s1","InChI=1S/C2H5NO/c1-2(3)4/h1H3,(H2,3,4)",False,True,False,True,True,False,False,False,False,3,0.9882885828728208,1.0036267767205123,0,0,3,1.0053238550228794,0,0,,0,3,3,0,0,0,,0,0,,0,0,,5,4.559499879765412,2.2674081073301906,2.0108862912791183,1.4215285751612614,1,2,2198,N,O,1.6,1.55,3.1500000000000004,1.4215285751612614,3.1500000000000004,0.45127891274960674,True,,False,0,,,,,,,,,,,,,False,0,,,,,,,,,,,,,False,0,,,,,,,,,,,,0.1450313339301701,,,,1.829070851552776,0.05360271154693434,0.875836122656517,3ub7_1_ACM_1
True,True,True,True,True,True,True,False,True,True,False,True,True,True,True,True,True,True,True,True,True,True,True,True,True,True,True,False,True,True,True,True,True,"InChI=1S/C9H20N4O2/c10-4-8(14)11-5-1-2-6-7(3-5)13-9(15)12-6/h5-9,11-15H,1-4,10H2/t5-,6-,7+,8-,9-/m0/s1","InChI=1S/C9H10N4O2/c10-4-8(14)11-5-1-2-6-7(3-5)13-9(15)12-6/h1-3H,4,10H2,(H,11,14)(H2,12,13,15)",False,True,False,True,True,False,False,False,False,16,0.9884177383543664,1.009989950238608,0,0,22,1.0057945968725366,0,67,0.9803151994346632,0,16,22,67,1,1,4.910208867259236e-05,0,0,,0,0,,10,95.46433766998094,66.52421230837322,1.4350314623411948,2.368460742761001,0,3,4410,O,N,1.55,1.6,3.1500000000000004,2.368460742761001,3.1500000000000004,0.7518922992892065,False,,False,0,,,,,,,,,,,,,False,0,,,,,,,,,,,,,False,0,,,,,,,,,,,,0.025379229871645273,,,,21.04509542039031,1.0971812969468018,20.700814291326804,4idk_1_1FE_0
True,True,True,True,True,True,True,False,True,True,False,True,True,True,True,True,True,True,True,False,True,True,True,False,True,True,True,False,True,True,True,True,True,"InChI=1S/C16H28ClF3N2O3/c17-11-7-12(9-13(8-11)25-16(18,19)20)21-15(24)22-14-4-2-1-3-10(14)5-6-23/h10-15,21-24H,1-9H2/t10-,11-,12-,13+,14+,15+/m0/s1","InChI=1S/C16H14ClF3N2O3/c17-11-7-12(9-13(8-11)25-16(18,19)20)21-15(24)22-14-4-2-1-3-10(14)5-6-23/h1-4,7-9,23H,5-6H2,(H2,21,22,24)",False,True,False,True,True,False,False,False,False,26,0.9812744261874821,1.0118344976020015,0,0,36,1.0097799688735132,0,238,1.0001557369015506,0,26,36,238,2,2,0.00034827998645192704,0,0,,0,0,,14,79.25721101680378,49.412097215880365,1.6040041909277958,1.8747782402193618,6,2,2708,N,C,1.6,1.7,3.3,1.8747782402193618,3.3,0.5681146182482915,True,,False,0,,,,,,,,,,,,,False,0,,,,,,,,,,,,,False,0,,,,,,,,,,,,0.07644279446506919,,,,8.64586170171603,1.3471497120934548,2.43197668079282,6yaq_1_OHZ_0
True,True,True,True,True,True,True,False,True,True,False,True,True,True,True,True,True,True,True,False,True,True,True,True,True,True,True,False,True,True,True,True,True,"InChI=1S/C21H47N7O14P2/c22-17-12-19(25-7-24-17)28(8-26-12)21-16(32)14(30)11(41-21)6-39-44(36,37)42-43(34,35)38-5-10-13(29)15(31)20(40-10)27-3-1-2-9(4-27)18(23)33/h9-21,24-26,29-37,43-44H,1-8,22-23H2/t9-,10+,11+,12-,13+,14+,15+,16+,17-,18+,19-,20+,21+/m0/s1","InChI=1S/C21H27N7O14P2/c22-17-12-19(25-7-24-17)28(8-26-12)21-16(32)14(30)11(41-21)6-39-44(36,37)42-43(34,35)38-5-10-13(29)15(31)20(40-10)27-3-1-2-9(4-27)18(23)33/h1-4,7-8,10-11,13-16,20-21,29-32H,5-6H2,(H5-,22,23,24,25,33,34,35,36,37)/p+1/t10-,11-,13-,14-,15-,16-,20-,21-/m1/s1",False,True,False,True,False,False,False,True,False,48,0.9880295278490707,1.0082619815614473,0,0,73,1.0129017949429524,0,825,0.8825855657632451,0,48,73,825,2,2,1.846965492219299e-05,0,0,,0,0,,27,295.37340250493895,114.23302409231333,2.5857093852846225,1.6692006500118532,5,5,7712,C,C,1.7,1.7,3.4,1.6692006500118532,3.4,0.4909413676505451,True,,False,0,,,,,,,,,,,,,False,0,,,,,,,,,,,,,False,0,,,,,,,,,,,,0.05970443349753694,,,,41.278738689305904,2.462169219283619,39.35424969672289,3ad9_1_NAD_0
True,True,True,True,True,True,True,False,True,True,False,True,True,True,True,True,True,True,True,False,True,True,True,False,True,True,True,False,True,True,True,True,True,"InChI=1S/C8H21N2O9P/c11-3-9-1-5(12)10-8-7(14)6(13)4(19-8)2-18-20(15,16)17/h4-17,20H,1-3H2/t4-,5+,6-,7-,8-/m1/s1","InChI=1S/C8H15N2O9P/c11-3-9-1-5(12)10-8-7(14)6(13)4(19-8)2-18-20(15,16)17/h3-4,6-8,13-14H,1-2H2,(H,9,11)(H,10,12)(H2,15,16,17)/t4-,6-,7-,8-/m1/s1",False,True,False,True,True,False,True,True,False,20,0.9898957822102713,1.0030712881593589,0,0,28,1.006646388458242,0,142,1.0135839536239288,0,20,28,142,0,0,,0,0,,0,0,,15,52.23475543618953,26.394176684095132,1.9790257548615136,1.4376720975243291,7,8,264,O,N,1.55,1.6,3.1500000000000004,1.4376720975243291,3.1500000000000004,0.45640384048391397,True,,False,0,,,,,,,,,,,,,False,0,,,,,,,,,,,,,False,0,,,,,,,,,,,,0.10761316872427984,,,,5.338303109743769,1.4169093097065733,3.67199645360327,2hs3_1_FGR_0
True,True,True,True,True,True,True,True,True,True,True,True,True,True,True,True,True,True,True,False,True,True,True,False,True,True,True,False,True,True,True,True,True,"InChI=1S/C8H18/c1-3-5-7-8-6-4-2/h3-8H2,1-2H3","InChI=1S/C8H18/c1-3-5-7-8-6-4-2/h3-8H2,1-2H3",True,True,True,True,True,True,True,True,True,7,0.9958889460108542,1.007964907575248,0,0,6,1.0066442899699615,0,15,1.072308056679504,0,7,6,15,0,0,,0,0,,0,0,,18,25.381497628072612,10.009514366484197,2.535737169533407,1.132119896477401,10,3,1731,C,N,1.7,1.6,3.3,1.132119896477401,3.3,0.34306663529618214,True,,False,0,,,,,,,,,,,,,False,0,,,,,,,,,,,,,False,0,,,,,,,,,,,,0.2652801358234295,,,,18.04090959209097,0.5288029798724013,17.965395180805235,2vdf_1_OCT_0
True,True,True,True,True,True,True,False,True,True,False,True,True,True,True,True,True,True,True,False,True,True,True,False,True,True,True,False,True,True,True,True,True,"InChI=1S/C10H24N5O7P/c11-8-5-9(13-2-12-8)15(3-14-5)10-7(17)6(16)4(22-10)1-21-23(18,19)20/h4-10,12-14,16-20,23H,1-3,11H2/t4-,5+,6-,7-,8+,9-,10-/m1/s1","InChI=1S/C10H14N5O7P/c11-8-5-9(13-2-12-8)15(3-14-5)10-7(17)6(16)4(22-10)1-21-23(18,19)20/h2-4,6-7,10,16-17H,1H2,(H2,11,12,13)(H2,18,19,20)/t4-,6-,7-,10-/m1/s1",False,True,False,True,True,False,True,True,False,25,0.9938008117938911,1.0073432877336852,0,0,38,1.0021473377277137,0,190,1.0042041120044471,0,25,38,190,1,1,1.4952592188061109e-05,0,0,,0,0,,14,115.84718584552344,75.3002289395249,1.5384705661195612,1.3754925154285653,7,3,5705,C,C,1.7,1.7,3.4,1.3754925154285653,3.4,0.40455662218487215,True,,False,0,,,,,,,,,,,,,False,0,,,,,,,,,,,,,False,0,,,,,,,,,,,,0.08834055377660577,,,,38.96989728935713,1.3603492980939127,38.832437559026715,4uuw_1_AMP_0
True,True,True,True,True,True,True,False,True,True,False,True,True,True,True,True,True,True,True,False,True,True,True,False,True,True,True,False,True,True,True,True,True,"InChI=1S/C4H12N4O3/c5-3(10)6-1-2(9)8-4(11)7-1/h1-4,6-11H,5H2/t1-,2+,3+,4-/m0/s1","InChI=1S/C4H6N4O3/c5-3(10)6-1-2(9)8-4(11)7-1/h1H,(H3,5,6,10)(H2,7,8,9,11)/t1-/m0/s1",False,True,False,True,True,False,True,True,False,11,0.9957095405255295,1.0050548885205683,0,0,15,0.9997653591122941,0,29,0.7569895277308474,0,11,15,29,0,0,,0,0,,0,0,,6,53.73135129132405,31.441941294685133,1.7089069274614626,0.5357113681825321,7,2,747,O,C,1.55,1.7,3.25,0.5357113681825321,3.25,0.1648342671330868,True,,False,0,,,,,,,,,,,,,False,0,,,,,,,,,,,,,False,0,,,,,,,,,,,,0.21500777604976673,,,,12.216034704064535,0.9802732102486015,11.874647482579737,2q37_1_3AL_0
True,True,True,True,True,True,True,False,True,True,False,True,True,True,True,True,True,True,True,True,True,True,True,True,True,True,True,False,True,True,True,True,True,"InChI=1S/C15H34N2O17P2/c18-3-5-8(20)10(22)12(24)14(32-5)33-36(28,29)34-35(26,27)30-4-6-9(21)11(23)13(31-6)17-2-1-7(19)16-15(17)25/h5-16,18-29,35-36H,1-4H2/t5-,6-,7-,8+,9-,10+,11-,12-,13-,14-,15-/m1/s1","InChI=1S/C15H24N2O17P2/c18-3-5-8(20)10(22)12(24)14(32-5)33-36(28,29)34-35(26,27)30-4-6-9(21)11(23)13(31-6)17-2-1-7(19)16-15(17)25/h1-2,5-6,8-14,18,20-24H,3-4H2,(H,26,27)(H,28,29)(H,16,19,25)/t5-,6-,8+,9-,10+,11-,12-,13-,14-/m1/s1",False,True,False,True,True,False,True,True,False,38,0.9854053449553826,1.006804742713536,0,0,58,1.0097972216184532,0,534,1.0000167222665193,0,38,58,534,1,1,3.4493343263407306e-05,5,5,0.29265602193080653,0,0,,24,155.1065655016001,68.68710046258812,2.2581614954918963,2.325847142440792,0,30,236,O,O,1.55,1.55,3.1,2.325847142440792,3.1,0.7502732717550942,False,,False,0,,,,,,,,,,,,,False,0,,,,,,,,,,,,,False,0,,,,,,,,,,,,0.03617478510028653,,,,21.530635507986702,2.456105463863688,19.705254820545687,3inr_1_GDU_0
True,True,True,True,True,True,True,False,True,True,False,True,True,True,True,True,True,True,True,True,True,True,True,True,True,True,True,False,True,True,True,True,True,"InChI=1S/C10H20FN5O3/c11-1-4-6(17)7(18)10(19-4)16-3-15-5-8(12)13-2-14-9(5)16/h4-10,13-15,17-18H,1-3,12H2/t4-,5-,6-,7-,8+,9-,10-/m1/s1","InChI=1S/C10H12FN5O3/c11-1-4-6(17)7(18)10(19-4)16-3-15-5-8(12)13-2-14-9(5)16/h2-4,6-7,10,17-18H,1H2,(H2,12,13,14)/t4-,6-,7-,10-/m1/s1",False,True,False,True,True,False,True,True,False,21,0.9866806544270406,1.0084776056697946,0,0,31,1.0202937817088609,0,119,1.0074802610844344,0,21,31,119,1,1,8.895819856413745e-06,0,0,,0,0,,12,102.7335068416603,72.95119784280998,1.4082497598329107,2.6015916013087046,0,2,4290,N,N,1.6,1.6,3.2,2.684811954308908,3.2,0.8390037357215337,False,,False,0,,,,,,,,,,,,,False,0,,,,,,,,,,,,,False,0,,,,,,,,,,,,0.039247943595769684,,,,33.31388763685578,0.7741899501180709,33.162284666017406,2v7v_1_5FD_0
True,True,True,True,True,True,True,False,True,True,True,True,True,True,True,True,True,True,True,False,True,True,True,False,True,True,True,False,True,True,True,True,True,"InChI=1S/C4H10O4/c5-3(6)1-2-4(7)8/h3-8H,1-2H2","InChI=1S/C4H6O4/c5-3(6)1-2-4(7)8/h1-2H2,(H,5,6)(H,7,8)",False,True,False,True,True,True,True,True,True,7,0.9973943997078085,1.0057116825130463,0,0,8,0.9953119360391143,0,13,1.0425389631602293,0,7,8,13,0,0,,0,0,,0,0,,6,9.99711806170022,4.434802450467652,2.2542420261912723,2.0399607324652096,1,2,686,O,O,1.55,1.55,3.1,2.0399607324652096,3.1,0.6580518491823256,True,,False,0,,,,,,,,,,,,,False,0,,,,,,,,,,,,,False,0,,,,,,,,,,,,0.07803180914512922,,,,5.5179547293358615,0.8858010267939577,5.170454887900337,1hg0_1_SIN_1
True,True,True,True,True,True,True,False,True,True,False,True,True,True,True,True,True,True,True,False,True,True,True,False,True,True,True,False,True,True,True,True,True,"InChI=1S/C17H39O8P/c1-3-5-7-9-11-16(18)23-13-15(14-24-26(20,21)22)25-17(19)12-10-8-6-4-2/h15-22,26H,3-14H2,1-2H3/t15-,16-,17-/m1/s1","InChI=1S/C17H33O8P/c1-3-5-7-9-11-16(18)23-13-15(14-24-26(20,21)22)25-17(19)12-10-8-6-4-2/h15H,3-14H2,1-2H3,(H2,20,21,22)/t15-/m1/s1",False,True,False,True,True,False,True,True,False,25,0.9765757791389107,1.0191390798586941,0,0,30,1.0117821710759316,0,270,0.9816035356459537,0,25,30,270,0,0,,0,0,,0,0,,33,69.33103487092221,21.278833180076784,3.258216006685759,1.2464285539091269,15,0,936,C,C,1.7,1.7,3.4,1.2464285539091269,3.4,0.3665966335026844,True,,False,0,,,,,,,,,,,,,False,0,,,,,,,,,,,,,False,0,,,,,,,,,,,,0.10847606499780413,,,,6.071103224671393,2.5483842945232507,2.160656026726236,2ze9_1_PD7_0
True,True,True,True,True,True,True,False,True,True,False,True,True,True,True,True,True,True,True,False,True,True,True,False,True,True,True,False,True,True,True,True,True,"InChI=1S/C9H24N2O12P2/c12-5-1-2-11(9(15)10-5)8-7(14)6(13)4(22-8)3-21-25(19,20)23-24(16,17)18/h4-10,12-20,24-25H,1-3H2/t4-,5-,6-,7-,8-,9-/m1/s1","InChI=1S/C9H14N2O12P2/c12-5-1-2-11(9(15)10-5)8-7(14)6(13)4(22-8)3-21-25(19,20)23-24(16,17)18/h1-2,4,6-8,13-14H,3H2,(H,19,20)(H,10,12,15)(H2,16,17,18)/t4-,6-,7-,8-/m1/s1",False,True,False,True,True,False,True,True,False,26,0.9890624386620491,1.00642191896873,0,0,40,1.005198748270266,0,234,0.9971139144784973,0,26,40,234,1,1,3.373226406938601e-05,0,0,,0,0,,14,68.7341089440031,35.98032889849326,1.9103246426099638,1.082348502100871,16,11,1848,O,C,1.55,1.7,3.25,1.082348502100871,3.25,0.33303030833872954,True,,False,0,,,,,,,,,,,,,False,0,,,,,,,,,,,,,False,0,,,,,,,,,,,,0.13146806000337097,,,,4.143144995097323,1.21194886912982,2.3936612346244845,4phr_1_UDP_0
True,True,True,True,True,True,True,False,True,True,False,True,True,True,True,True,True,True,True,True,True,True,True,True,True,True,True,False,True,True,True,True,True,"InChI=1S/C11H22N2O2/c12-9(11(14)15)5-7-6-13-10-4-2-1-3-8(7)10/h7-11,13-15H,1-6,12H2/t7-,8-,9-,10-/m0/s1","InChI=1S/C11H12N2O2/c12-9(11(14)15)5-7-6-13-10-4-2-1-3-8(7)10/h1-4,6,9,13H,5,12H2,(H,14,15)/t9-/m0/s1",False,True,False,True,True,False,True,True,False,16,0.9883225303075129,1.012500321965014,0,0,22,1.00862305673903,0,67,0.968253336645052,0,16,22,67,1,1,0.0002894200608917208,0,0,,0,0,,12,76.43144081073685,56.122061142229214,1.361878720331349,2.8695992629633844,0,8,348,C,C,1.7,1.7,3.4,3.088506812360949,3.4,0.9083843565767498,False,,False,0,,,,,,,,,,,,,False,0,,,,,,,,,,,,,False,0,,,,,,,,,,,,0.007927519818799546,,,,14.589467185815938,0.5637643786446186,13.949703962161907,2zd0_1_TRP_9
True,True,True,True,True,True,True,False,True,True,True,True,True,True,True,True,True,True,True,False,True,True,True,True,True,True,True,False,True,True,True,True,True,"InChI=1S/C16H34O2/c1-2-3-4-5-6-7-8-9-10-11-12-13-14-15-16(17)18/h16-18H,2-15H2,1H3","InChI=1S/C16H32O2/c1-2-3-4-5-6-7-8-9-10-11-12-13-14-15-16(17)18/h2-15H2,1H3,(H,17,18)",False,True,False,True,True,True,True,True,True,17,0.9838656643595199,1.0061902475586175,0,0,17,1.0028860594214821,0,119,1.0984695359075165,0,17,17,119,0,0,,0,0,,0,0,,32,25.290578981068183,21.576499742114073,1.1721353919006978,2.1792950442746384,3,6,1194,C,N,1.7,1.6,3.3,2.1792950442746384,3.3,0.6603924376589814,True,,False,0,,,,,,,,,,,,,False,0,,,,,,,,,,,,,False,0,,,,,,,,,,,,0.04695121951219512,,,,9.643876256406907,0.9976338085679353,7.354557758544381,5f2t_1_PLM_0
True,True,True,True,True,True,True,True,True,True,True,True,True,True,True,True,True,True,True,False,True,True,True,True,True,True,True,False,True,True,True,True,True,"InChI=1S/C14H28O6/c1-2-3-4-5-6-7-8-19-14-13(18)12(17)11(16)10(9-15)20-14/h10-18H,2-9H2,1H3/t10-,11-,12+,13-,14-/m1/s1","InChI=1S/C14H28O6/c1-2-3-4-5-6-7-8-19-14-13(18)12(17)11(16)10(9-15)20-14/h10-18H,2-9H2,1H3/t10-,11-,12+,13-,14-/m1/s1",True,True,True,True,True,True,True,True,True,20,0.9876692782517751,1.0081176835293142,0,0,25,1.008661905511766,0,145,1.0527469904632656,0,20,25,145,0,0,,5,5,0.4109942886459361,0,0,,28,72.01913819428772,42.370323114199564,1.699754283208474,1.867727667514727,3,12,1389,C,C,1.7,1.7,3.4,1.867727667514727,3.4,0.5493316669160961,True,,False,0,,,,,,,,,,,,,False,0,,,,,,,,,,,,,False,0,,,,,,,,,,,,0.034045922406967535,,,,7.840647456014076,0.8874192166785768,6.108266583526376,5b5s_1_BOG_0
True,True,True,True,True,True,True,False,True,True,False,True,True,True,True,True,True,True,True,False,True,True,True,True,True,True,True,False,True,True,True,True,True,"InChI=1S/C10H19F3N4O2S/c11-10(12,13)19-7-3-1-2-6(4-7)15-9(18)16-8-5-14-17-20-8/h6-9,14-18H,1-5H2/t6-,7+,8+,9+/m0/s1","InChI=1S/C10H7F3N4O2S/c11-10(12,13)19-7-3-1-2-6(4-7)15-9(18)16-8-5-14-17-20-8/h1-5H,(H2,15,16,18)",False,True,False,True,True,False,False,False,False,21,0.97658649809183,1.0053257359390912,0,0,29,1.026711030204923,0,140,0.9831491719226981,0,21,29,140,2,2,2.400583285039337e-05,0,0,,0,0,,7,111.39073506974945,75.18994944245568,1.481457773222722,1.4754409984814707,4,10,988,F,N,1.5,1.6,3.1,1.4754409984814707,3.1,0.4759487091875712,True,,False,0,,,,,,,,,,,,,False,0,,,,,,,,,,,,,False,0,,,,,,,,,,,,0.051204165762638316,,,,10.457496765813506,1.6415268796912308,7.955130638157372,5hmr_1_FDZ_0
True,True,True,True,True,True,True,True,True,True,True,True,True,True,True,True,True,True,True,True,True,True,True,True,True,True,True,False,True,True,True,True,True,"InChI=1S/C5H14NO/c1-6(2,3)4-5-7/h7H,4-5H2,1-3H3/q+1","InChI=1S/C5H14NO/c1-6(2,3)4-5-7/h7H,4-5H2,1-3H3/q+1",True,True,True,True,True,True,True,True,True,6,0.980451218934345,1.0076813074395876,0,0,8,1.002399307121186,0,7,1.072750734283622,0,6,8,7,0,0,,0,0,,0,0,,14,50.51727039722709,22.07556756131201,2.2883792345053853,2.6863106465932036,0,5,3323,C,O,1.7,1.55,3.25,2.6863106465932036,3.25,0.826557122028678,False,,False,0,,,,,,,,,,,,,False,0,,,,,,,,,,,,,False,0,,,,,,,,,,,,0.03182751540041068,,,,48.14465510739484,0.19732488634383671,48.07681093213532,2wwc_1_CHT_2
True,True,True,True,True,True,True,False,True,True,False,True,True,True,True,True,True,True,True,False,True,True,True,True,True,True,True,True,True,True,True,True,True,"InChI=1S/C20H41N7O7/c21-19-24-15-14(17(31)25-19)27-11(7-22-15)8-26(20(27)34)10-3-1-9(2-4-10)16(30)23-12(18(32)33)5-6-13(28)29/h9-20,22-25,28-34H,1-8,21H2/t9-,10-,11-,12+,14+,15+,16-,17+,19-,20+/m1/s1","InChI=1S/C20H21N7O7/c21-19-24-15-14(17(31)25-19)27-11(7-22-15)8-26(20(27)34)10-3-1-9(2-4-10)16(30)23-12(18(32)33)5-6-13(28)29/h1-4,11-12H,5-8H2,(H,23,30)(H,28,29)(H,32,33)(H4,21,22,24,25,31)/t11-,12+/m1/s1",False,True,False,True,True,False,True,True,False,37,0.9746641193951977,1.0153033689018065,0,0,54,1.0067448379189297,0,470,0.943715623657739,0,37,54,470,2,2,0.00026938620625453075,0,0,,0,0,,21,135.61712460650458,78.086534416596,1.7367543023868839,2.317443179454462,1,2,908,N,O,1.6,1.55,3.1500000000000004,2.317443179454462,3.1500000000000004,0.7356962474458608,True,,False,0,,,,,,,,,,,,,False,0,,,,,,,,,,,,,False,0,,,,,,,,,,,,0.009853494100868663,,,,1.1819238238118894,1.0155589744036677,0.4375525431424032,4b4v_1_L34_0
True,True,True,True,True,True,True,True,True,True,True,True,True,True,True,True,True,True,True,False,True,True,True,True,True,True,True,False,True,True,True,True,True,"InChI=1S/C14H28O6/c1-2-3-4-5-6-7-8-19-14-13(18)12(17)11(16)10(9-15)20-14/h10-18H,2-9H2,1H3/t10-,11-,12+,13-,14-/m1/s1","InChI=1S/C14H28O6/c1-2-3-4-5-6-7-8-19-14-13(18)12(17)11(16)10(9-15)20-14/h10-18H,2-9H2,1H3/t10-,11-,12+,13-,14-/m1/s1",True,True,True,True,True,True,True,True,True,20,0.9770423717156324,1.008410351076831,0,0,25,1.0106471277035847,0,145,1.0605712816412367,0,20,25,145,0,0,,5,5,0.32257138798057594,0,0,,28,93.11090622325078,42.370323114199564,2.1975500628657354,1.940542091787745,3,0,809,C,O,1.7,1.55,3.25,1.940542091787745,3.25,0.5970898743962292,True,,False,0,,,,,,,,,,,,,False,0,,,,,,,,,,,,,False,0,,,,,,,,,,,,0.06423299421504089,,,,10.15619719230579,1.2674015601563688,8.303333271111667,3zjx_1_BOG_0
True,True,True,True,True,True,True,False,True,True,True,True,True,True,True,True,True,True,True,True,True,True,True,True,True,True,True,False,True,True,True,True,True,"InChI=1S/C7H14O2/c8-7(9)6-4-2-1-3-5-6/h6-9H,1-5H2","InChI=1S/C7H6O2/c8-7(9)6-4-2-1-3-5-6/h1-5H,(H,8,9)",False,True,False,True,True,True,True,True,True,9,0.9972081382058645,1.007062278997451,0,0,11,0.9967539590537358,0,16,1.0031794821831497,0,9,11,16,1,1,1.075762309152295e-05,0,0,,0,0,,6,21.96848840400753,13.526233680041816,1.6241393519928908,2.560139560648992,0,0,5280,O,N,1.55,1.6,3.1500000000000004,2.560139560648992,3.1500000000000004,0.8127427176663466,False,,False,0,,,,,,,,,,,,,False,0,,,,,,,,,,,,,False,0,,,,,,,,,,,,0.030691708657810353,,,,40.427979920470925,0.08570554834224829,40.35111422513634,5fxf_1_BEZ_0
True,True,True,True,True,True,True,False,True,True,False,True,True,True,True,True,True,True,True,False,True,True,True,False,True,True,True,False,True,True,True,True,True,"InChI=1S/C7H18NOS/c1-7(9)10-6-5-8(2,3)4/h7,9H,5-6H2,1-4H3/q+1/t7-/m1/s1","InChI=1S/C7H16NOS/c1-7(9)10-6-5-8(2,3)4/h5-6H2,1-4H3/q+1",False,True,False,True,True,False,False,False,False,9,0.9924589913983215,1.0034384103618614,0,0,12,1.0000994058080521,0,24,1.0161666261363005,0,9,12,24,0,0,,0,0,,0,0,,16,53.12098198484929,21.779356260813508,2.4390519787964156,1.8019140129318039,7,4,126,C,O,1.7,1.55,3.25,1.8019140129318039,3.25,0.5544350809020935,True,,False,0,,,,,,,,,,,,,False,0,,,,,,,,,,,,,False,0,,,,,,,,,,,,0.1169284467713787,,,,2.740756185617393,0.9948522511900315,1.474347613183536,6uqy_2_AT3_0
True,True,True,True,True,True,True,False,True,True,False,True,True,True,True,True,True,True,True,True,True,True,True,True,True,True,True,False,True,True,True,True,True,"InChI=1S/C10H21N5/c1-7-2-3-15(4-7)10-8-9(12-5-11-8)13-6-14-10/h7-14H,2-6H2,1H3/t7-,8+,9+,10-/m1/s1","InChI=1S/C10H9N5/c1-7-2-3-15(4-7)10-8-9(12-5-11-8)13-6-14-10/h2-6H,1H3,(H,11,12,13,14)",False,True,False,True,True,False,False,False,False,17,0.9977933340505147,1.0062004517472507,0,0,24,1.004107784736299,0,64,1.0040998895816462,0,17,24,64,2,2,2.7192678018678196e-05,0,0,,0,0,,9,111.337207208213,93.88152557687934,1.1859330845347122,2.7942270594924823,0,3,938,C,C,1.7,1.7,3.4,2.7942270594924823,3.4,0.8218314880860242,False,,False,0,,,,,,,,,,,,,False,0,,,,,,,,,,,,,False,0,,,,,,,,,,,,0.01960210649502633,,,,13.545660973192362,0.6086415906911515,12.981158299472183,5hhz_1_ZME_0
True,True,True,True,True,True,True,False,True,True,True,True,True,True,True,True,True,True,True,True,True,True,True,True,True,True,True,False,True,True,True,True,True,"InChI=1S/C5H13NO4/c6-3(5(9)10)1-2-4(7)8/h3-5,7-10H,1-2,6H2/t3-/m1/s1","InChI=1S/C5H9NO4/c6-3(5(9)10)1-2-4(7)8/h3H,1-2,6H2,(H,7,8)(H,9,10)/t3-/m1/s1",False,True,False,True,True,True,True,True,True,9,0.9880944491571844,1.0072393923047882,0,0,11,1.0070049925253481,0,25,1.0385318776147086,0,9,11,25,0,0,,0,0,,0,0,,9,23.838294030271303,9.57643586385004,2.4892657737371957,2.3955728584203015,0,6,2930,O,O,1.55,1.55,3.1,2.3955728584203015,3.1,0.7727654382000972,False,,False,0,,,,,,,,,,,,,False,0,,,,,,,,,,,,,False,0,,,,,,,,,,,,0.05778491171749599,,,,34.34615002267358,1.0937867327305704,34.20314178437414,6wyz_1_DGL_1
True,True,True,True,True,True,True,False,True,True,False,True,True,True,True,True,True,True,True,False,True,True,True,False,True,True,True,False,True,True,True,True,True,"InChI=1S/CH6N2O2/c2-1(4)3-5/h1,3-5H,2H2/t1-/m0/s1","InChI=1S/CH4N2O2/c2-1(4)3-5/h5H,(H3,2,3,4)",False,True,False,True,True,False,False,False,False,4,1.0016226714086998,1.0024967143000119,0,0,4,0.9927413668470555,0,2,0.999988412651756,0,4,4,2,0,0,,0,0,,0,0,,4,1.8575661235496985,2.024908282209657,0.9173581538827288,2.0000277248078318,3,2,2322,O,N,1.55,1.6,3.1500000000000004,2.0000277248078318,3.1500000000000004,0.6349294364469307,True,,False,0,,,,,,,,,,,,,False,0,,,,,,,,,,,,,False,0,,,,,,,,,,,,0.11392405063291139,,,,2.593654167771794,0.0564980683944648,1.038151372584946,3ub9_1_NHY_1
True,True,True,True,True,True,True,True,True,True,True,True,True,True,True,True,True,True,True,False,True,True,True,True,True,True,True,False,True,True,True,True,True,"InChI=1S/C6H12O6/c7-1-2-3(8)4(9)5(10)6(11)12-2/h2-11H,1H2/t2-,3-,4+,5-,6-/m1/s1","InChI=1S/C6H12O6/c7-1-2-3(8)4(9)5(10)6(11)12-2/h2-11H,1H2/t2-,3-,4+,5-,6-/m1/s1",True,True,True,True,True,True,True,True,True,12,0.9872372553362134,1.0079855363347414,0,0,17,1.005595851734078,0,37,1.0596763782306453,0,12,17,37,0,0,,5,5,0.2797653764831665,0,0,,12,46.51262917158743,30.099157175897453,1.5453133421567504,1.8461815241194466,1,5,3651,O,O,1.55,1.55,3.1,1.8461815241194466,3.1,0.5955424271353054,True,,False,0,,,,,,,,,,,,,False,0,,,,,,,,,,,,,False,0,,,,,,,,,,,,0.06472261735419631,,,,33.56239731063123,0.2902533389348752,33.32187102791874,4tvd_1_BGC_4
True,True,True,True,True,True,True,False,True,True,False,True,True,True,True,True,True,True,True,True,True,True,True,True,True,True,True,False,True,True,True,True,True,"InChI=1S/C11H22N2O2/c12-9(11(14)15)5-7-6-13-10-4-2-1-3-8(7)10/h7-11,13-15H,1-6,12H2/t7-,8-,9-,10+/m0/s1","InChI=1S/C11H12N2O2/c12-9(11(14)15)5-7-6-13-10-4-2-1-3-8(7)10/h1-4,6,9,13H,5,12H2,(H,14,15)/t9-/m0/s1",False,True,False,True,True,False,True,True,False,16,0.9915829778470968,1.0031734459636048,0,0,22,0.9989728526846902,0,67,0.9936034474988525,0,16,22,67,1,1,4.828668193890273e-05,0,0,,0,0,,12,92.93556321557716,56.122061142229214,1.6559542063156252,2.6871096925879345,0,13,2895,O,C,1.55,1.7,3.25,2.6871096925879345,3.25,0.8268029823347491,False,,False,0,,,,,,,,,,,,,False,0,,,,,,,,,,,,,False,0,,,,,,,,,,,,0.01310914790538615,,,,31.117814335232477,0.8067067174631994,30.7308454675877,1qaw_1_TRP_7
True,True,True,True,True,True,True,False,True,True,False,True,True,True,True,True,True,True,True,False,True,True,True,True,True,True,True,False,True,True,True,True,True,"InChI=1S/C21H47N7O14P2/c22-17-12-19(25-7-24-17)28(8-26-12)21-16(32)14(30)11(41-21)6-39-44(36,37)42-43(34,35)38-5-10-13(29)15(31)20(40-10)27-3-1-2-9(4-27)18(23)33/h9-21,24-26,29-37,43-44H,1-8,22-23H2/t9-,10+,11+,12-,13+,14+,15+,16+,17-,18+,19+,20+,21+/m0/s1","InChI=1S/C21H27N7O14P2/c22-17-12-19(25-7-24-17)28(8-26-12)21-16(32)14(30)11(41-21)6-39-44(36,37)42-43(34,35)38-5-10-13(29)15(31)20(40-10)27-3-1-2-9(4-27)18(23)33/h1-4,7-8,10-11,13-16,20-21,29-32H,5-6H2,(H5-,22,23,24,25,33,34,35,36,37)/p+1/t10-,11-,13-,14-,15-,16-,20-,21-/m1/s1",False,True,False,True,False,False,False,True,False,48,0.989954482462309,1.0057848583332787,0,0,73,1.0081160871883768,0,825,0.9810059809267698,0,48,73,825,2,2,2.655100302612068e-05,0,0,,0,0,,27,196.18942079929118,114.23302409231333,1.7174492434057225,1.4993777476006505,6,42,9923,O,O,1.55,1.55,3.1,1.4993777476006505,3.1,0.48367024116150015,True,,False,0,,,,,,,,,,,,,False,0,,,,,,,,,,,,,False,0,,,,,,,,,,,,0.0698887685795846,,,,41.01313244765189,1.5035130477349175,39.12624419304347,3ada_1_NAD_0
True,True,True,True,True,True,True,False,True,True,False,True,True,True,True,True,True,True,True,False,True,True,True,True,True,True,True,False,True,True,True,True,True,"InChI=1S/C14H30N6O5S/c15-6(14(23)24)1-2-26-3-7-9(21)10(22)13(25-7)20-5-19-8-11(16)17-4-18-12(8)20/h6-14,17-19,21-24H,1-5,15-16H2/t6-,7+,8-,9+,10+,11-,12+,13+/m0/s1","InChI=1S/C14H20N6O5S/c15-6(14(23)24)1-2-26-3-7-9(21)10(22)13(25-7)20-5-19-8-11(16)17-4-18-12(8)20/h4-7,9-10,13,21-22H,1-3,15H2,(H,23,24)(H2,16,17,18)/t6-,7+,9+,10+,13+/m0/s1",False,True,False,True,True,False,True,True,False,28,0.9764898937472606,1.021190245616538,0,0,40,1.0144157794614665,0,257,0.9643474766901111,0,28,40,257,1,1,3.87785576180244e-05,0,0,,0,0,,20,155.3490664406314,81.83811378479196,1.8982483742128968,2.195408101014477,2,0,6501,N,O,1.6,1.55,3.1500000000000004,2.195408101014477,3.1500000000000004,0.6969549527030084,True,,False,0,,,,,,,,,,,,,False,0,,,,,,,,,,,,,False,0,,,,,,,,,,,,0.044191714053614946,,,,32.561086364956466,0.8326034953765254,31.97879847599058,2v7t_1_SAH_4
True,True,True,True,True,True,True,False,True,True,True,True,True,True,True,True,True,True,True,False,True,True,True,True,True,True,True,False,True,True,True,True,True,"InChI=1S/C5H13NO4/c6-3(5(9)10)1-2-4(7)8/h3-5,7-10H,1-2,6H2/t3-/m0/s1","InChI=1S/C5H9NO4/c6-3(5(9)10)1-2-4(7)8/h3H,1-2,6H2,(H,7,8)(H,9,10)/t3-/m0/s1",False,True,False,True,True,True,True,True,True,9,0.9860733183201028,1.0087895141698924,0,0,11,1.0056126998983068,0,25,0.992599751440866,0,9,11,25,0,0,,0,0,,0,0,,9,31.029782580700804,9.35700219127547,3.31620982301716,1.9295759871018325,1,0,7753,N,O,1.6,1.55,3.1500000000000004,1.9295759871018325,3.1500000000000004,0.6125638054291531,True,,False,0,,,,,,,,,,,,,False,0,,,,,,,,,,,,,False,0,,,,,,,,,,,,0.04939271255060729,,,,3.8689416338321774,1.3968546128632713,2.69401216849516,5hw0_1_GLU_2
True,True,True,True,True,True,True,False,True,True,True,True,True,True,True,True,True,True,True,True,True,True,True,True,True,True,True,False,True,True,True,True,True,"InChI=1S/C4H10O5/c5-1-2(6)3(7)4(8)9/h2-9H,1H2/t2-,3+/m1/s1","InChI=1S/C4H8O5/c5-1-2(6)3(7)4(8)9/h2-3,5-7H,1H2,(H,8,9)/t2-,3+/m1/s1",False,True,False,True,True,True,True,True,True,8,0.9865585020659374,1.0042337202699998,0,0,10,1.0003017025326126,0,18,1.0110917918828344,0,8,10,18,0,0,,0,0,,0,0,,7,21.708565794748157,10.281143650933563,2.1114932863307425,2.4215131137369466,0,4,611,O,O,1.55,1.55,3.1,2.4215131137369466,3.1,0.7811332624957892,False,,False,0,,,,,,,,,,,,,False,0,,,,,,,,,,,,,False,0,,,,,,,,,,,,0.015398550724637682,,,,4.142400543968034,0.6175927438715352,2.524446693612066,4xfm_1_THE_0
True,True,True,True,True,True,True,True,True,True,False,True,True,True,True,True,True,False,True,False,True,True,True,False,True,True,True,False,True,True,True,True,True,"InChI=1S/C10H28N6O9P2/c11-8-5-9(14-2-13-8)16(3-15-5)10-7(18)6(17)4(24-10)1-23-27(21,22)25-26(12,19)20/h4-10,13-15,17-22,26-27H,1-3,11-12H2/t4-,5+,6-,7-,8+,9-,10-/m1/s1","InChI=1S/C10H28N6O9P2/c11-8-5-9(14-2-13-8)16(3-15-5)10-7(18)6(17)4(24-10)1-23-27(21,22)25-26(12,19)20/h4-10,13-15,17-22,26-27H,1-3,11-12H2/t4-,5+,6-,7-,8-,9-,10-/m1/s1",False,True,True,True,True,False,True,True,False,29,0.9056614560593054,1.011014626110691,0,0,45,1.1548759404997124,0,277,0.7723792846728829,0,29,45,277,0,0,,0,0,,0,0,,28,4.901114085070254e+95,1201295785.2324953,4.0798562230214655e+86,1.6457955887655067,11,22,1440,O,C,1.55,1.7,3.25,1.6878333507784453,3.25,0.5193333387010601,True,,False,0,,,,,,,,,,,,,False,0,,,,,,,,,,,,,False,0,,,,,,,,,,,,0.1226888122845503,,,,2.2106798998565194,1.5925129399022426,0.9155448848488092,3s6a_1_ANP_0
True,True,True,True,True,True,True,False,True,True,True,True,True,True,True,True,True,True,True,False,True,True,True,True,True,True,True,False,True,True,True,True,True,"InChI=1S/C5H13NO4/c6-3(5(9)10)1-2-4(7)8/h3-5,7-10H,1-2,6H2/t3-/m0/s1","InChI=1S/C5H9NO4/c6-3(5(9)10)1-2-4(7)8/h3H,1-2,6H2,(H,7,8)(H,9,10)/t3-/m0/s1",False,True,False,True,True,True,True,True,True,9,0.9885068775130285,0.9947520825616886,0,0,11,1.0009719315835768,0,25,0.9891640386914766,0,9,11,25,0,0,,0,0,,0,0,,9,36.96851806511673,9.35700219127547,3.950893385446294,2.279122122660389,1,8,1203,O,C,1.55,1.7,3.25,2.279122122660389,3.25,0.7012683454339659,True,,False,0,,,,,,,,,,,,,False,0,,,,,,,,,,,,,False,0,,,,,,,,,,,,0.05008012820512821,,,,29.375717738976185,1.2300304482097144,29.138188862861735,5k4h_2_GLU_3
True,True,True,True,True,True,True,False,True,True,False,True,True,True,True,True,True,True,True,False,True,True,True,True,True,True,True,False,True,True,True,True,True,"InChI=1S/C10H27N5O10P2/c11-8-5-9(13-2-12-8)15(3-14-5)10-7(17)6(16)4(24-10)1-23-27(21,22)25-26(18,19)20/h4-10,12-14,16-22,26-27H,1-3,11H2/t4-,5+,6-,7-,8+,9-,10-/m1/s1","InChI=1S/C10H15N5O10P2/c11-8-5-9(13-2-12-8)15(3-14-5)10-7(17)6(16)4(24-10)1-23-27(21,22)25-26(18,19)20/h2-4,6-7,10,16-17H,1H2,(H,21,22)(H2,11,12,13)(H2,18,19,20)/t4-,6-,7-,10-/m1/s1",False,True,False,True,True,False,True,True,False,29,0.9875230794838312,1.0083005207480362,0,0,45,1.0043234299637176,0,277,0.9254774425541158,0,29,45,277,1,1,1.1020402768735504e-05,0,0,,0,0,,15,163.14308001974496,76.99213415710615,2.118957758552889,2.2901858832854587,1,4,5615,N,C,1.6,1.7,3.3,2.2901858832854587,3.3,0.6939957222077148,True,,False,0,,,,,,,,,,,,,False,0,,,,,,,,,,,,,False,0,,,,,,,,,,,,0.01473150641533344,,,,21.78651113091326,1.251209430059596,21.125963562354464,6ep5_1_ADP_1
True,True,True,True,True,True,True,False,True,True,False,True,True,True,True,True,True,True,True,False,True,True,True,True,True,True,True,False,True,True,True,True,True,"InChI=1S/C5H10O3/c6-5(7)4-2-1-3-8-4/h4-7H,1-3H2/t4-/m1/s1","InChI=1S/C5H4O3/c6-5(7)4-2-1-3-8-4/h1-3H,(H,6,7)",False,True,False,True,True,False,False,False,False,8,0.9999067862491764,1.0046463903208656,0,0,10,1.0003691786347295,0,10,1.0037720557836929,0,8,10,10,1,1,2.57845642032406e-05,0,0,,0,0,,4,36.303083050631614,34.439994719438225,1.0540966497344393,1.9514074587333148,1,2,2728,O,N,1.55,1.6,3.1500000000000004,1.9514074587333148,3.1500000000000004,0.6194944313439094,True,,False,0,,,,,,,,,,,,,False,0,,,,,,,,,,,,,False,0,,,,,,,,,,,,0.07213800313643493,,,,18.254558304023682,0.07833968279554665,17.97113096702772,2gf3_2_FOA_1
True,True,True,True,True,True,True,True,True,True,False,True,True,True,True,True,True,False,True,False,True,True,True,False,True,True,True,True,True,True,True,True,True,"InChI=1S/C12H34N5O13P3/c1-2-26-32(22,23)30-33(24,25)27-3-6-9(29-31(19,20)21)8(18)12(28-6)17-5-16-7-10(13)14-4-15-11(7)17/h6-12,14-16,18-25,31-33H,2-5,13H2,1H3/t6-,7-,8-,9-,10+,11-,12-/m1/s1","InChI=1S/C12H34N5O13P3/c1-2-26-32(22,23)30-33(24,25)27-3-6-9(29-31(19,20)21)8(18)12(28-6)17-5-16-7-10(13)14-4-15-11(7)17/h6-12,14-16,18-25,31-33H,2-5,13H2,1H3/t6-,7-,8-,9-,10-,11-,12-/m1/s1",False,True,True,True,True,False,True,True,False,35,0.9060391618447454,1.00236813667844,0,0,54,1.1513628549021848,0,439,0.8477631755896906,0,35,54,439,0,0,,0,0,,0,0,,34,2.4531832283549643e+165,2102267347.858536,1.1669225756913777e+156,1.0845647099182238,26,9,5923,O,C,1.55,1.7,3.25,1.0845647099182238,3.25,0.33371221843637655,True,,False,0,,,,,,,,,,,,,False,0,,,,,,,,,,,,,False,0,,,,,,,,,,,,0.16066935078007047,,,,1.3381342764529207,0.9059260595546059,0.821179063887935,2xta_1_ACO_0
True,True,True,True,True,True,True,False,True,True,False,True,True,True,True,True,True,True,True,True,True,True,True,True,True,True,True,True,True,True,True,True,True,"InChI=1S/C10H20FN5O3/c11-1-4-6(17)7(18)10(19-4)16-3-15-5-8(12)13-2-14-9(5)16/h4-10,13-15,17-18H,1-3,12H2/t4-,5-,6-,7-,8-,9-,10-/m1/s1","InChI=1S/C10H12FN5O3/c11-1-4-6(17)7(18)10(19-4)16-3-15-5-8(12)13-2-14-9(5)16/h2-4,6-7,10,17-18H,1H2,(H2,12,13,14)/t4-,6-,7-,10-/m1/s1",False,True,False,True,True,False,True,True,False,21,0.9880108077584555,1.0076293968852603,0,0,31,1.0133877712799693,0,119,0.9914333702357582,0,21,31,119,1,1,3.5070905485268256e-05,0,0,,0,0,,12,97.42148627110629,72.95119784280998,1.3354336755514713,2.4199012562499287,0,0,4270,N,O,1.6,1.55,3.1500000000000004,2.4199012562499287,3.1500000000000004,0.7682226210317233,False,,False,0,,,,,,,,,,,,,False,0,,,,,,,,,,,,,False,0,,,,,,,,,,,,0.042672919109026965,,,,1.1655045510082982,0.829352839158188,0.6746892298867919,2v7w_1_5FD_0
True,True,True,True,True,True,True,False,True,True,False,True,True,True,True,True,True,True,True,False,True,True,True,False,True,True,True,False,True,True,True,True,True,"InChI=1S/C21H47N7O14P2/c22-17-12-19(25-7-24-17)28(8-26-12)21-16(32)14(30)11(41-21)6-39-44(36,37)42-43(34,35)38-5-10-13(29)15(31)20(40-10)27-3-1-2-9(4-27)18(23)33/h9-21,24-26,29-37,43-44H,1-8,22-23H2/t9-,10+,11+,12-,13+,14+,15+,16+,17-,18+,19-,20+,21+/m0/s1","InChI=1S/C21H27N7O14P2/c22-17-12-19(25-7-24-17)28(8-26-12)21-16(32)14(30)11(41-21)6-39-44(36,37)42-43(34,35)38-5-10-13(29)15(31)20(40-10)27-3-1-2-9(4-27)18(23)33/h1-4,7-8,10-11,13-16,20-21,29-32H,5-6H2,(H5-,22,23,24,25,33,34,35,36,37)/p+1/t10-,11-,13-,14-,15-,16-,20-,21-/m1/s1",False,True,False,True,False,False,False,True,False,48,0.9885734087166641,1.0071652931264905,0,0,73,1.0051421912204046,0,825,1.0017062303687243,0,48,73,825,2,2,1.712068866843719e-05,0,0,,0,0,,27,189.56174853955875,114.23302409231333,1.659430362154916,1.2069593655131885,12,0,9981,N,O,1.6,1.55,3.1500000000000004,1.2069593655131885,3.1500000000000004,0.3831617033375201,True,,False,0,,,,,,,,,,,,,False,0,,,,,,,,,,,,,False,0,,,,,,,,,,,,0.07623450718079874,,,,41.44401273521139,2.414738249677139,39.550124665120606,2gag_1_NAD_0
True,True,True,True,True,True,True,False,True,True,True,True,True,True,True,True,True,True,True,False,True,True,True,True,True,True,True,False,True,True,True,True,True,"InChI=1S/C5H17NO4P/c1-6(2,3)4-5-10-11(7,8)9/h7-9,11H,4-5H2,1-3H3/q+1","InChI=1S/C5H14NO4P/c1-6(2,3)4-5-10-11(7,8)9/h4-5H2,1-3H3,(H-,7,8,9)/p+1",False,True,False,False,False,True,True,True,True,10,0.9825671951137744,1.007118018562415,0,0,15,1.0018634202475238,0,30,1.06272069929125,0,10,15,30,0,0,,0,0,,0,0,,15,35.82809155334471,23.679969084300122,1.5130125983609846,2.344312056872975,1,6,1358,O,N,1.55,1.6,3.1500000000000004,2.344312056872975,3.1500000000000004,0.7442260498009444,True,,False,0,,,,,,,,,,,,,False,0,,,,,,,,,,,,,False,0,,,,,,,,,,,,0.03134378126042014,,,,38.193941486290484,0.6208660051873505,37.96153612092984,1o72_2_PC_0
True,True,True,True,True,True,True,False,True,True,False,True,True,False,True,True,True,False,True,False,True,True,True,True,True,True,True,True,True,True,True,True,True,"InChI=1S/C27H59N9O15P2/c1-10-3-12-13(4-11(10)2)35(24-18(32-12)25(42)34-27(43)33-24)5-14(37)19(39)15(38)6-48-52(44,45)51-53(46,47)49-7-16-20(40)21(41)26(50-16)36-9-31-17-22(28)29-8-30-23(17)36/h10-27,29-34,37-47,52-53H,3-9,28H2,1-2H3/t10-,11+,12+,13+,14+,15-,16-,17+,18+,19+,20-,21-,22+,23+,24+,25+,26-,27-/m1/s1","InChI=1S/C27H33N9O15P2/c1-10-3-12-13(4-11(10)2)35(24-18(32-12)25(42)34-27(43)33-24)5-14(37)19(39)15(38)6-48-52(44,45)51-53(46,47)49-7-16-20(40)21(41)26(50-16)36-9-31-17-22(28)29-8-30-23(17)36/h3-4,8-9,14-16,19-21,26,37-41H,5-7H2,1-2H3,(H,44,45)(H,46,47)(H2,28,29,30)(H,34,42,43)/t14-,15+,16+,19-,20+,21+,26+/m0/s1",False,True,False,True,True,False,False,True,False,58,0.982766842183884,1.0083255144751184,0,0,89,1.015311667156083,0,1231,0.40076480301498646,11,58,89,1220,4,4,0.0013426665939108018,0,0,,0,0,,33,296380997930.9369,139.9984973685704,2117029850.3323383,2.19144984428118,2,29,1785,O,O,1.55,1.55,3.1,2.19144984428118,3.1,0.7069193046068323,True,,False,0,,,,,,,,,,,,,False,0,,,,,,,,,,,,,False,0,,,,,,,,,,,,0.028119356780462637,,,,0.9662356977388625,0.9557614791765079,0.07830014976476735,4u63_1_FAD_0
True,True,True,True,True,True,True,False,True,True,False,True,True,True,True,True,True,True,True,False,True,True,True,False,True,True,True,False,True,True,True,True,True,"InChI=1S/C17H37N4O9P/c1-7-3-9-10(4-8(7)2)21(15-13(18-9)16(25)20-17(26)19-15)5-11(22)14(24)12(23)6-30-31(27,28)29/h7-20,22-29,31H,3-6H2,1-2H3/t7-,8+,9+,10+,11+,12-,13+,14+,15+,16+,17-/m1/s1","InChI=1S/C17H21N4O9P/c1-7-3-9-10(4-8(7)2)21(15-13(18-9)16(25)20-17(26)19-15)5-11(22)14(24)12(23)6-30-31(27,28)29/h3-4,11-12,14,22-24H,5-6H2,1-2H3,(H,20,25,26)(H2,27,28,29)/t11-,12+,14-/m0/s1",False,True,False,True,True,False,False,True,False,33,0.9853725264651775,1.0068119908110258,0,0,50,1.0079344831960784,0,382,0.8767394085659348,0,33,50,382,3,3,0.00015159283474563967,0,0,,0,0,,21,123.69999274631095,63.646558863819536,1.943545652027848,1.441733973380666,29,10,1259,O,O,1.55,1.55,3.1,1.441733973380666,3.1,0.46507547528408577,True,,False,0,,,,,,,,,,,,,False,0,,,,,,,,,,,,,False,0,,,,,,,,,,,,0.16922226826909795,,,,27.79681535525016,1.7552133339044618,27.039823985461805,4rhe_1_FMN_6
True,True,True,True,True,True,True,False,True,True,False,True,True,True,True,True,True,True,True,False,True,True,True,False,True,True,True,False,True,True,True,True,True,"InChI=1S/C7H14O5/c8-4-1-3(7(11)12)2-5(9)6(4)10/h3-12H,1-2H2/t3-,4+,5-,6-","InChI=1S/C7H6O5/c8-4-1-3(7(11)12)2-5(9)6(4)10/h1-2,8-10H,(H,11,12)",False,True,False,True,True,False,True,True,False,12,0.9901695641786934,1.007668726517417,0,0,17,1.0006681341306238,0,37,1.00599415460001,0,12,17,37,1,1,2.3344876794451075e-05,0,0,,0,0,,6,23.130874282502056,17.22329466799814,1.3429993928792576,1.2296817515113414,18,11,76,C,N,1.7,1.6,3.3,1.2296817515113414,3.3,0.3726308337913156,True,,False,0,,,,,,,,,,,,,False,0,,,,,,,,,,,,,False,0,,,,,,,,,,,,0.3031396607722844,,,,43.525388158588925,0.1874141389350446,43.32901081656989,3wrb_1_GDE_0
True,True,True,True,True,True,True,False,True,False,False,True,True,True,True,True,True,True,True,False,True,True,True,True,True,True,True,False,True,True,True,True,True,"InChI=1S/C10H20O3/c1-13-10-7-8(3-2-6-11)4-5-9(10)12/h8-12H,2-7H2,1H3/t8-,9+,10-/m1/s1","InChI=1S/C10H10O3/c1-13-10-7-8(3-2-6-11)4-5-9(10)12/h2-7,12H,1H3/b3-2+",False,True,False,True,True,False,False,False,False,13,0.9937924998313739,1.0083631211882091,0,0,16,1.0042952885015588,0,49,1.013541719846567,0,13,16,49,1,1,3.460726751629978e-05,0,0,,0,0,,10,30.121190653040937,25.883861236368332,1.163705460247133,1.986436724388673,1,8,4776,O,O,1.55,1.55,3.1,1.986436724388673,3.1,0.6407860401253783,True,,False,0,,,,,,,,,,,,,False,0,,,,,,,,,,,,,False,0,,,,,,,,,,,,0.02839313572542902,,,,44.341861948059524,0.6529462077062327,44.066918680976535,5fxe_1_CIY_1
True,True,True,True,True,True,True,False,True,True,False,True,True,True,True,True,True,True,True,True,True,True,True,True,True,True,True,False,True,True,True,True,True,"InChI=1S/C3H11O6P/c4-1-3(5)2-9-10(6,7)8/h3-8,10H,1-2H2/t3-/m0/s1","InChI=1S/C3H7O6P/c4-1-3(5)2-9-10(6,7)8/h4H,1-2H2,(H2,6,7,8)",False,True,False,True,True,False,False,False,False,9,0.9916201082075503,1.0021054192924694,0,0,12,1.0025249229563142,0,24,1.1028959453767715,0,9,12,24,0,0,,0,0,,0,0,,7,12.197441824636803,7.276625154611749,1.6762498500979344,2.4913961828661435,0,9,2629,O,C,1.55,1.7,3.25,2.4913961828661435,3.25,0.7665834408818903,False,,False,0,,,,,,,,,,,,,False,0,,,,,,,,,,,,,False,0,,,,,,,,,,,,0.040061633281972264,,,,2.0211398944654975,1.110420992759849,1.5381224893031116,2r4e_1_13P_0
True,True,True,True,True,True,True,False,True,True,False,True,True,True,True,True,True,True,True,False,True,True,True,True,True,True,True,False,True,True,True,True,True,"InChI=1S/C14H30N6O5S/c15-6(14(23)24)1-2-26-3-7-9(21)10(22)13(25-7)20-5-19-8-11(16)17-4-18-12(8)20/h6-14,17-19,21-24H,1-5,15-16H2/t6-,7+,8-,9+,10+,11-,12+,13+/m0/s1","InChI=1S/C14H20N6O5S/c15-6(14(23)24)1-2-26-3-7-9(21)10(22)13(25-7)20-5-19-8-11(16)17-4-18-12(8)20/h4-7,9-10,13,21-22H,1-3,15H2,(H,23,24)(H2,16,17,18)/t6-,7+,9+,10+,13+/m0/s1",False,True,False,True,True,False,True,True,False,28,0.9874871793577394,1.0081973722016226,0,0,40,1.0075280398715463,0,257,1.0002171406311167,0,28,40,257,1,1,2.0096447126832784e-05,0,0,,0,0,,20,147.33730245406022,81.83811378479196,1.8003506635247015,1.684434177995683,4,25,1444,O,N,1.55,1.6,3.1500000000000004,1.684434177995683,3.1500000000000004,0.5347410088875184,True,,False,0,,,,,,,,,,,,,False,0,,,,,,,,,,,,,False,0,,,,,,,,,,,,0.052244897959183675,,,,3.5153775307705084,2.0268296238380965,1.2865462868682331,2wr8_1_SAH_1
True,True,True,True,True,True,True,True,True,True,True,True,True,True,True,True,True,True,True,False,True,True,True,False,True,True,True,False,True,True,True,True,True,"InChI=1S/C6H14O6/c7-1-3(9)5(11)6(12)4(10)2-8/h3-12H,1-2H2/t3-,4-,5-,6-/m1/s1","InChI=1S/C6H14O6/c7-1-3(9)5(11)6(12)4(10)2-8/h3-12H,1-2H2/t3-,4-,5-,6-/m1/s1",True,True,True,True,True,True,True,True,True,11,0.9874431318720338,1.0100618486205386,0,0,14,1.006487135490243,0,41,1.0067690532733224,0,11,14,41,0,0,,0,0,,0,0,,14,46.799530993531,23.703844365350992,1.974343497712972,2.0503175705241397,2,3,2112,O,N,1.55,1.6,3.1500000000000004,2.0503175705241397,3.1500000000000004,0.6508944668330602,True,,False,0,,,,,,,,,,,,,False,0,,,,,,,,,,,,,False,0,,,,,,,,,,,,0.07982485685415965,,,,4.301757294118301,1.4920556321985365,3.874766799891536,2vfu_1_MTL_0
True,True,True,True,True,True,True,False,True,True,False,True,True,True,True,True,True,True,True,False,True,True,True,False,True,True,True,False,True,True,True,True,True,"InChI=1S/C12H24ClN3O/c13-11-8-10(6-7-14-11)16-12(17)15-9-4-2-1-3-5-9/h9-12,14-17H,1-8H2/t10-,11+,12+/m0/s1","InChI=1S/C12H10ClN3O/c13-11-8-10(6-7-14-11)16-12(17)15-9-4-2-1-3-5-9/h1-8H,(H2,14,15,16,17)",False,True,False,True,True,False,False,False,False,18,0.9834060963409326,1.0089710345754408,0,0,23,1.0087341832329435,0,95,1.0064937673159933,0,18,23,95,2,2,2.9994220666573757e-05,0,0,,0,0,,10,60.36225009606345,38.71880417543612,1.5589905572124645,2.017320822278891,6,15,881,Cl,O,1.8,1.55,3.35,2.017320822278891,3.35,0.602185320083251,True,,False,0,,,,,,,,,,,,,False,0,,,,,,,,,,,,,False,0,,,,,,,,,,,,0.10224800580130529,,,,6.163003132927208,1.290794961856531,3.798321026544762,4oal_2_245_0
True,True,True,True,True,True,True,False,True,True,True,True,True,True,True,True,True,True,True,False,True,True,True,False,True,True,True,False,True,True,True,True,True,"InChI=1S/C4H11NO4/c5-2(4(8)9)1-3(6)7/h2-4,6-9H,1,5H2/t2-/m0/s1","InChI=1S/C4H7NO4/c5-2(4(8)9)1-3(6)7/h2H,1,5H2,(H,6,7)(H,8,9)/t2-/m0/s1",False,True,False,True,True,True,True,True,True,8,0.9889659710793448,1.0039401292571029,0,0,10,0.9981650473620615,0,18,1.0230920072254492,0,8,10,18,0,0,,0,0,,0,0,,7,26.845181752711085,7.423027956614363,3.616473211419124,1.916235001245932,3,7,7961,O,O,1.55,1.55,3.1,1.916235001245932,3.1,0.6181403229825587,True,,False,0,,,,,,,,,,,,,False,0,,,,,,,,,,,,,False,0,,,,,,,,,,,,0.1325136612021858,,,,31.969582426042972,0.9792633703606505,31.91485124647988,3eca_1_ASP_3
True,True,True,True,True,True,True,False,True,True,False,True,True,True,True,True,True,True,True,False,True,True,True,True,True,True,True,False,True,True,True,True,True,"InChI=1S/C20H46N10O14P2/c21-14-8-15(24-3-23-14)29(4-25-8)18-11(33)12(43-45(35,36)37)7(42-18)2-40-46(38,39)44-13-10(32)6(1-31)41-19(13)30-5-26-9-16(30)27-20(22)28-17(9)34/h6-20,23-28,31-39,45-46H,1-5,21-22H2/t6-,7-,8+,9+,10-,11-,12-,13-,14-,15-,16+,17-,18-,19-,20+/m1/s1","InChI=1S/C20H26N10O14P2/c21-14-8-15(24-3-23-14)29(4-25-8)18-11(33)12(43-45(35,36)37)7(42-18)2-40-46(38,39)44-13-10(32)6(1-31)41-19(13)30-5-26-9-16(30)27-20(22)28-17(9)34/h3-7,10-13,18-19,31-33H,1-2H2,(H,38,39)(H2,21,23,24)(H2,35,36,37)(H3,22,27,28,34)/t6-,7-,10-,11-,12-,13-,18-,19-/m1/s1",False,True,False,True,True,False,True,True,False,51,0.9918462775574908,1.0078807910028669,0,0,79,1.0126999209379217,0,905,0.8804046459892868,0,51,79,905,2,2,2.4979748574210925e-05,0,0,,0,0,,26,231.9888412635876,154.84662593605938,1.4981846705486657,1.9805446069200257,2,42,1115,O,C,1.55,1.7,3.25,1.9805446069200257,3.25,0.6093983405907771,True,,False,0,,,,,,,,,,,,,False,0,,,,,,,,,,,,,False,0,,,,,,,,,,,,0.019022000192141415,,,,17.598886601893437,3.9313836133503313,16.022695461798413,6ea9_1_9BG_0
True,True,True,True,True,True,True,False,True,True,False,True,True,True,True,True,True,True,True,False,True,True,True,False,True,True,True,False,True,True,True,True,True,"InChI=1S/C20H46N10O14P2/c21-14-8-15(24-3-23-14)29(4-25-8)18-11(33)12(43-45(35,36)37)7(42-18)2-40-46(38,39)44-13-10(32)6(1-31)41-19(13)30-5-26-9-16(30)27-20(22)28-17(9)34/h6-20,23-28,31-39,45-46H,1-5,21-22H2/t6-,7-,8-,9-,10-,11-,12-,13-,14-,15-,16+,17-,18-,19-,20+/m1/s1","InChI=1S/C20H26N10O14P2/c21-14-8-15(24-3-23-14)29(4-25-8)18-11(33)12(43-45(35,36)37)7(42-18)2-40-46(38,39)44-13-10(32)6(1-31)41-19(13)30-5-26-9-16(30)27-20(22)28-17(9)34/h3-7,10-13,18-19,31-33H,1-2H2,(H,38,39)(H2,21,23,24)(H2,35,36,37)(H3,22,27,28,34)/t6-,7-,10-,11-,12-,13-,18-,19-/m1/s1",False,True,False,True,True,False,True,True,False,51,0.9918679184656346,1.0078426505168705,0,0,79,1.0127048323764885,0,905,0.7824214067569207,0,51,79,905,2,2,2.448262353343944e-05,0,0,,0,0,,26,338.5198037866743,154.84662593605938,2.1861619634286305,0.8921656404502475,31,1,1223,C,C,1.7,1.7,3.4,0.9138303124760095,3.4,0.2687736213164734,True,,False,0,,,,,,,,,,,,,False,0,,,,,,,,,,,,,False,0,,,,,,,,,,,,0.11842737671825435,,,,32.40658877335984,2.558501852425778,30.947297187586752,6xb3_3_9BG_1
True,True,True,True,True,True,True,False,True,True,False,True,True,True,True,True,True,True,True,False,True,True,True,False,True,True,True,False,True,True,True,True,True,"InChI=1S/C11H22N2O2/c12-9(11(14)15)5-7-6-13-10-4-2-1-3-8(7)10/h7-11,13-15H,1-6,12H2/t7-,8-,9-,10+/m0/s1","InChI=1S/C11H12N2O2/c12-9(11(14)15)5-7-6-13-10-4-2-1-3-8(7)10/h1-4,6,9,13H,5,12H2,(H,14,15)/t9-/m0/s1",False,True,False,True,True,False,True,True,False,16,0.9963912445227391,0.9970413478420269,0,0,22,1.0015864701757105,0,67,0.9808960585192816,0,16,22,67,1,1,1.6211628695250724e-05,0,0,,0,0,,12,73.37244450168662,56.122061142229214,1.3073725912478524,1.7362698926146285,4,10,1312,C,N,1.7,1.6,3.3,1.7362698926146285,3.3,0.5261423917014026,True,,False,0,,,,,,,,,,,,,False,0,,,,,,,,,,,,,False,0,,,,,,,,,,,,0.10297029702970296,,,,11.788449468526384,1.4494235347323452,10.88271212635691,2zcz_2_TRP_3
True,True,True,True,True,True,True,True,True,True,True,True,True,True,True,True,True,True,True,False,True,True,True,False,True,True,True,False,True,True,True,True,True,"InChI=1S/C6H12O6/c7-1-2-3(8)4(9)5(10)6(11)12-2/h2-11H,1H2/t2-,3-,4+,5+,6-/m1/s1","InChI=1S/C6H12O6/c7-1-2-3(8)4(9)5(10)6(11)12-2/h2-11H,1H2/t2-,3-,4+,5+,6-/m1/s1",True,True,True,True,True,True,True,True,True,12,0.9930988527577492,1.002520493395528,0,0,17,1.0000829807245442,0,37,1.0621305521516597,0,12,17,37,0,0,,5,5,0.3270479496179942,0,0,,12,53.84425251372581,30.106522207139996,1.7884580671013615,1.2154205198201948,6,11,972,O,O,1.55,1.55,3.1,1.2154205198201948,3.1,0.3920711354258693,True,,False,0,,,,,,,,,,,,,False,0,,,,,,,,,,,,,False,0,,,,,,,,,,,,0.14816124469589817,,,,18.448780857304186,1.0472698667492764,18.375470430820496,5ida_1_BMA_0
True,True,True,True,True,True,True,False,True,True,False,True,True,True,True,True,True,True,True,False,True,True,True,True,True,True,True,True,True,True,True,True,True,"InChI=1S/C15H34N6O5S/c1-27(3-2-7(16)15(24)25)4-8-10(22)11(23)14(26-8)21-6-20-9-12(17)18-5-19-13(9)21/h7-15,18-20,22-25,27H,2-6,16-17H2,1H3/t7-,8+,9-,10+,11+,12-,13-,14+/m0/s1","InChI=1S/C15H22N6O5S/c1-27(3-2-7(16)15(24)25)4-8-10(22)11(23)14(26-8)21-6-20-9-12(17)18-5-19-13(9)21/h5-8,10-11,14,22-23H,2-4,16H2,1H3,(H2-,17,18,19,24,25)/p+1/t7-,8+,10+,11+,14+,27-/m0/s1",False,True,False,True,False,False,True,True,False,29,0.9561750238184232,1.0094970997443111,0,0,42,1.0259584558247117,0,280,0.9736320153110546,0,29,42,280,1,1,1.3451834949440578e-05,0,0,,0,0,,22,132.64031378590906,77.72684229829248,1.7064930191924563,1.9646371929697315,3,0,1129,C,C,1.7,1.7,3.4,2.0579132561893836,3.4,0.6052686047615834,True,,False,0,,,,,,,,,,,,,False,0,,,,,,,,,,,,,False,0,,,,,,,,,,,,0.06550490119807063,,,,1.0622173155976868,0.9884447196050321,0.33150784602375066,1rqp_1_SAM_0
True,True,True,True,True,True,True,False,True,True,False,True,True,True,True,True,True,True,True,False,True,True,True,True,True,True,True,False,True,True,True,True,True,"InChI=1S/C10H21N5O4/c11-8-5-9(13-2-12-8)15(3-14-5)10-7(18)6(17)4(1-16)19-10/h4-10,12-14,16-18H,1-3,11H2/t4-,5+,6-,7-,8+,9-,10-/m1/s1","InChI=1S/C10H13N5O4/c11-8-5-9(13-2-12-8)15(3-14-5)10-7(18)6(17)4(1-16)19-10/h2-4,6-7,10,16-18H,1H2,(H2,11,12,13)/t4-,6-,7-,10-/m1/s1",False,True,False,True,True,False,True,True,False,21,0.98905056739736,1.0055941068110716,0,0,31,1.0199518310531992,0,119,1.0044900924809474,0,21,31,119,1,1,1.640694370952378e-05,0,0,,0,0,,13,114.07021891935013,74.41579083332518,1.5328765258282622,2.2656638718044637,3,7,1608,N,C,1.6,1.7,3.3,2.3406466862813797,3.3,0.7092868746307212,True,,False,0,,,,,,,,,,,,,False,0,,,,,,,,,,,,,False,0,,,,,,,,,,,,0.061238854997653684,,,,61.955493540605424,0.7782122739446059,61.79292336950868,2q6k_1_ADN_1
True,True,True,True,True,True,True,False,True,True,False,True,True,True,True,True,True,True,True,False,True,True,True,True,True,True,True,False,True,True,True,True,True,"InChI=1S/C16H29F3N2O3/c17-16(18,19)24-13-6-3-5-12(10-13)20-15(23)21-14-7-2-1-4-11(14)8-9-22/h11-15,20-23H,1-10H2/t11-,12+,13-,14+,15-/m1/s1","InChI=1S/C16H15F3N2O3/c17-16(18,19)24-13-6-3-5-12(10-13)20-15(23)21-14-7-2-1-4-11(14)8-9-22/h1-7,10,22H,8-9H2,(H2,20,21,23)",False,True,False,True,True,False,False,False,False,25,0.9818965140058867,1.0162032660010396,0,0,34,1.009170366964431,0,217,0.9911620886489947,0,25,34,217,2,2,0.00022133126416207238,0,0,,0,0,,15,78.23604654941609,49.50234775513658,1.5804512330690006,1.739175721426676,6,23,2413,O,N,1.55,1.6,3.1500000000000004,1.739175721426676,3.1500000000000004,0.5521192766433892,True,,False,0,,,,,,,,,,,,,False,0,,,,,,,,,,,,,False,0,,,,,,,,,,,,0.07039226222461042,,,,10.026666110531623,2.18951196260225,6.941209789648073,6yao_1_OJ2_0
True,True,True,True,True,True,True,False,True,True,False,True,True,True,True,True,True,True,True,True,True,True,True,True,True,True,True,False,True,True,True,True,True,"InChI=1S/C10H19F2N5O3/c11-7(12)6-4(18)5(19)10(20-6)17-2-16-3-8(13)14-1-15-9(3)17/h3-10,14-16,18-19H,1-2,13H2/t3-,4+,5+,6+,8-,9-,10-/m1/s1","InChI=1S/C10H11F2N5O3/c11-7(12)6-4(18)5(19)10(20-6)17-2-16-3-8(13)14-1-15-9(3)17/h1-2,4-7,10,18-19H,(H2,13,14,15)/t4-,5+,6-,10+/m0/s1",False,True,False,True,True,False,False,True,False,22,0.9828519168046314,1.0078314856819746,0,0,33,1.0083796636653366,0,135,1.0008276810185432,0,22,33,135,1,1,2.88551488609734e-05,0,0,,0,0,,11,109.46149870512728,73.37181212430286,1.49187399814636,2.488819611783867,0,15,5561,F,O,1.5,1.55,3.05,2.488819611783867,3.05,0.8160064300930712,False,,False,0,,,,,,,,,,,,,False,0,,,,,,,,,,,,,False,0,,,,,,,,,,,,0.04704545454545454,,,,33.748166028415525,0.577190477218844,33.614581683246854,5fiu_1_Y3J_3
True,True,True,True,True,True,True,False,True,True,False,True,True,True,True,True,True,True,True,False,True,True,True,True,True,True,True,True,True,True,True,True,True,"InChI=1S/C27H59N9O15P2/c1-10-3-12-13(4-11(10)2)35(24-18(32-12)25(42)34-27(43)33-24)5-14(37)19(39)15(38)6-48-52(44,45)51-53(46,47)49-7-16-20(40)21(41)26(50-16)36-9-31-17-22(28)29-8-30-23(17)36/h10-27,29-34,37-47,52-53H,3-9,28H2,1-2H3/t10-,11+,12+,13+,14+,15-,16-,17+,18+,19+,20-,21-,22+,23-,24+,25+,26-,27-/m1/s1","InChI=1S/C27H33N9O15P2/c1-10-3-12-13(4-11(10)2)35(24-18(32-12)25(42)34-27(43)33-24)5-14(37)19(39)15(38)6-48-52(44,45)51-53(46,47)49-7-16-20(40)21(41)26(50-16)36-9-31-17-22(28)29-8-30-23(17)36/h3-4,8-9,14-16,19-21,26,37-41H,5-7H2,1-2H3,(H,44,45)(H,46,47)(H2,28,29,30)(H,34,42,43)/t14-,15+,16+,19-,20+,21+,26+/m0/s1",False,True,False,True,True,False,False,True,False,58,0.9709367773902398,1.027026690158473,0,0,89,1.0212209697780708,0,1231,0.9999494476728762,0,58,89,1231,4,4,0.0008285596195108935,0,0,,0,0,,33,237.9192489262793,139.9984973685704,1.699441446860072,2.055426033697151,9,52,3921,C,C,1.7,1.7,3.4,2.1381421304487693,3.4,0.6288653324849321,True,,False,0,,,,,,,,,,,,,False,0,,,,,,,,,,,,,False,0,,,,,,,,,,,,0.05975308641975308,,,,1.4415397840045638,1.0704338952678538,0.7973507445913111,6qkr_1_FAD_0
True,True,True,True,True,True,True,False,True,True,False,True,True,True,True,True,True,True,True,False,True,True,True,False,True,True,True,False,True,True,True,True,True,"InChI=1S/C6H16N2O3S/c1-12-3-2-4(5(9)10)8-6(7)11/h4-6,8-11H,2-3,7H2,1H3/t4-,6-/m1/s1","InChI=1S/C6H12N2O3S/c1-12-3-2-4(5(9)10)8-6(7)11/h4H,2-3H2,1H3,(H,9,10)(H3,7,8,11)/t4-/m1/s1",False,True,False,True,True,False,True,True,False,11,0.991563475040991,1.0049209013956457,0,0,13,1.0045578580824888,0,42,1.0192124079053233,0,11,13,42,0,0,,0,0,,0,0,,12,31.794872405540993,12.332775801935306,2.578079170185809,1.395832103084029,8,0,1403,C,C,1.7,1.7,3.4,1.395832103084029,3.4,0.41053885384824385,True,,False,0,,,,,,,,,,,,,False,0,,,,,,,,,,,,,False,0,,,,,,,,,,,,0.17304699657640835,,,,4.13535638438011,1.4474274313849922,2.4455594676173265,1uf5_1_CDT_0
True,True,True,True,True,True,True,False,True,True,False,True,True,True,True,True,True,True,True,False,True,True,True,False,True,True,True,False,True,True,True,True,True,"InChI=1S/C10H30N5O14P3/c11-10-13-7-4(8(18)14-10)12-2-15(7)9-6(17)5(16)3(27-9)1-26-31(22,23)29-32(24,25)28-30(19,20)21/h3-10,12-14,16-25,30-32H,1-2,11H2/t3-,4-,5-,6-,7-,8-,9-,10+/m1/s1","InChI=1S/C10H16N5O14P3/c11-10-13-7-4(8(18)14-10)12-2-15(7)9-6(17)5(16)3(27-9)1-26-31(22,23)29-32(24,25)28-30(19,20)21/h2-3,5-6,9,16-17H,1H2,(H,22,23)(H,24,25)(H2,19,20,21)(H3,11,13,14,18)/t3-,5-,6-,9-/m1/s1",False,True,False,True,True,False,True,True,False,34,0.9879277284518665,1.0075097382416414,0,0,54,1.0088485789892947,0,408,0.9671950293772554,0,34,54,408,1,1,3.205461056166037e-05,0,0,,0,0,,16,133.1004557873152,80.16161977801833,1.6604012762702882,1.907222433278301,13,28,897,O,C,1.55,1.7,3.25,1.907222433278301,3.25,0.5868376717779388,True,,False,0,,,,,,,,,,,,,False,0,,,,,,,,,,,,,False,0,,,,,,,,,,,,0.08995342648037259,,,,31.617180618059542,2.9857233292037755,30.813731914938867,3jqm_1_GTP_5
True,True,True,True,True,True,True,False,True,True,False,True,True,True,True,True,True,True,True,True,True,True,True,True,True,True,True,True,True,True,True,True,True,"InChI=1S/C10H21N5O4/c11-8-5-9(13-2-12-8)15(3-14-5)10-7(18)6(17)4(1-16)19-10/h4-10,12-14,16-18H,1-3,11H2/t4-,5+,6-,7-,8+,9-,10-/m1/s1","InChI=1S/C10H13N5O4/c11-8-5-9(13-2-12-8)15(3-14-5)10-7(18)6(17)4(1-16)19-10/h2-4,6-7,10,16-18H,1H2,(H2,11,12,13)/t4-,6-,7-,10-/m1/s1",False,True,False,True,True,False,True,True,False,21,0.9890284321370316,1.0055764597019636,0,0,31,1.019968860126951,0,119,1.0044817248532376,0,21,31,119,1,1,2.812078047326194e-05,0,0,,0,0,,13,109.9673310070896,74.41579083332518,1.4777418848291484,2.5363531871567075,0,16,2851,O,C,1.55,1.7,3.25,2.5363531871567075,3.25,0.780416365278987,False,,False,0,,,,,,,,,,,,,False,0,,,,,,,,,,,,,False,0,,,,,,,,,,,,0.026013592688071244,,,,1.0937746891048066,0.7814586797908796,0.5911750942635912,4h2f_1_ADN_0
True,True,True,True,True,True,True,False,True,True,True,True,True,True,True,True,True,True,True,False,True,True,True,False,True,True,True,False,True,True,True,True,True,"InChI=1S/C3H9NO3/c4-2(1-5)3(6)7/h2-3,5-7H,1,4H2/t2-/m0/s1","InChI=1S/C3H7NO3/c4-2(1-5)3(6)7/h2,5H,1,4H2,(H,6,7)/t2-/m0/s1",False,True,False,True,True,True,True,True,True,6,0.9948817905001619,1.0039570547337469,0,0,7,1.0001176257675122,0,8,0.9658374246361243,0,6,7,8,0,0,,0,0,,0,0,,7,13.871774673797894,6.42765200316441,2.158140276880057,2.306353491986861,2,5,1437,O,S,1.55,1.8,3.35,2.306353491986861,3.35,0.6884637289513018,True,,False,0,,,,,,,,,,,,,False,0,,,,,,,,,,,,,False,0,,,,,,,,,,,,0.09977578475336323,,,,2.733108053637314,0.74037895174991,1.3307704378153529,1tke_1_SER_0
True,True,True,True,True,True,True,False,True,True,False,True,True,True,True,True,True,True,True,True,True,True,True,True,True,True,True,False,True,True,True,True,True,"InChI=1S/C12H24ClN3O/c13-11-8-10(6-7-14-11)16-12(17)15-9-4-2-1-3-5-9/h9-12,14-17H,1-8H2/t10-,11-,12+/m0/s1","InChI=1S/C12H10ClN3O/c13-11-8-10(6-7-14-11)16-12(17)15-9-4-2-1-3-5-9/h1-8H,(H2,14,15,16,17)",False,True,False,True,True,False,False,False,False,18,0.9882466363832819,1.0140240152624838,0,0,23,1.011342336965322,0,95,1.0017305815775612,0,18,23,95,2,2,2.601967284288076e-05,0,0,,0,0,,10,63.119031334160574,38.71880417543612,1.6301906187021236,2.7066711085759936,0,12,439,C,O,1.7,1.55,3.25,2.7066711085759936,3.25,0.8328218795618442,False,,False,0,,,,,,,,,,,,,False,0,,,,,,,,,,,,,False,0,,,,,,,,,,,,0.015001209774981853,,,,8.43879956946066,1.1517189693193586,5.6383103739546785,4o95_1_245_0
True,True,True,True,True,True,True,False,True,True,False,True,True,True,True,True,True,True,True,False,True,True,True,True,True,True,True,False,True,True,True,True,True,"InChI=1S/C10H22N5O6P/c11-8-5-9(13-2-12-8)15(3-14-5)10-7-6(4(1-16)19-10)20-22(17,18)21-7/h4-10,12-14,16-18,22H,1-3,11H2/t4-,5+,6-,7-,8+,9-,10-/m1/s1","InChI=1S/C10H12N5O6P/c11-8-5-9(13-2-12-8)15(3-14-5)10-7-6(4(1-16)19-10)20-22(17,18)21-7/h2-4,6-7,10,16H,1H2,(H,17,18)(H2,11,12,13)/t4-,6-,7-,10-/m1/s1",False,True,False,True,True,False,True,True,False,25,0.9766818548441377,1.0075169347419721,0,0,39,1.0152491062449052,0,167,1.0004647977848495,0,25,39,167,1,1,1.0975401260160389e-05,0,0,,0,0,,12,103.28826854155493,71.48611876571819,1.4448716803336614,1.782554377852186,1,18,1036,O,O,1.55,1.55,3.1,1.782554377852186,3.1,0.5750175412426406,True,,False,0,,,,,,,,,,,,,False,0,,,,,,,,,,,,,False,0,,,,,,,,,,,,0.034392598551890585,,,,61.26174233992355,0.7745769058997352,61.02280143575873,6o6y_1_ACK_0
True,True,True,True,True,True,True,False,True,True,True,True,True,True,True,True,True,True,True,False,True,True,True,True,True,True,True,False,True,True,True,True,True,"InChI=1S/C9H21O6P/c10-7(11)1-4-16(5-2-8(12)13)6-3-9(14)15/h7-15H,1-6H2","InChI=1S/C9H15O6P/c10-7(11)1-4-16(5-2-8(12)13)6-3-9(14)15/h1-6H2,(H,10,11)(H,12,13)(H,14,15)",False,True,False,True,True,True,True,True,True,15,0.9749432134474131,1.0037357113822782,0,0,18,1.006327811971684,0,87,1.0174158874726438,0,15,18,87,0,0,,0,0,,0,0,,15,84.95751384501074,26.628148561856605,3.1905152417058322,2.1413558905515906,3,10,442,O,C,1.55,1.7,3.25,2.1413558905515906,3.25,0.6588787355543355,True,,False,0,,,,,,,,,,,,,False,0,,,,,,,,,,,,,False,0,,,,,,,,,,,,0.02913085004775549,,,,5.827575194495562,1.08770613935244,5.557061584688047,4ydx_1_TCE_0
True,True,True,True,True,True,True,False,True,False,False,True,True,True,True,True,True,True,True,False,True,True,True,True,True,True,True,False,True,True,True,True,True,"InChI=1S/C30H62O4/c1-4-6-8-10-12-14-15-16-18-19-21-23-25-29(31)33-27-28(3)34-30(32)26-24-22-20-17-13-11-9-7-5-2/h28-32H,4-27H2,1-3H3/t28-,29+,30-/m1/s1","InChI=1S/C30H48O4/c1-4-6-8-10-12-14-15-16-18-19-21-23-25-29(31)33-27-28(3)34-30(32)26-24-22-20-17-13-11-9-7-5-2/h6,8,10,12,14-16,18-19,21,28H,4-5,7,9,11,13,17,20,22-27H2,1-3H3/b8-6?,12-10+,15-14+,18-16?,21-19+/t28-/m1/s1",False,True,False,True,True,False,True,True,False,33,0.9306393940243232,1.0276768736738013,0,0,35,1.0943398717091808,0,493,0.9606299148618554,0,33,35,493,0,0,,0,0,,0,0,,48,328.03315417719676,5927616593.70136,5.53398063103073e-08,1.657940514614442,4,33,1090,C,C,1.7,1.7,3.4,1.657940514614442,3.4,0.4876295631218947,True,,False,0,,,,,,,,,,,,,False,0,,,,,,,,,,,,,False,0,,,,,,,,,,,,0.04536335265269728,,,,9.07118126176649,5.131399441104699,2.9508381327984554,4qa8_1_PJZ_0
True,True,True,True,True,True,True,False,True,True,False,True,True,True,True,True,True,True,True,False,True,True,True,True,True,True,True,False,True,True,True,True,True,"InChI=1S/C7H14O5/c8-4-1-3(7(11)12)2-5(9)6(4)10/h3-12H,1-2H2/t3-,4-,5-,6+/m1/s1","InChI=1S/C7H10O5/c8-4-1-3(7(11)12)2-5(9)6(4)10/h1,4-6,8-10H,2H2,(H,11,12)/t4-,5-,6-/m1/s1",False,True,False,True,True,False,True,True,False,12,0.9876057295263458,1.000035761960241,0,0,17,1.0076903925777332,0,37,1.012299326782175,0,12,17,37,0,0,,5,5,0.42684663002334833,0,0,,10,41.38096594315083,21.912622424939613,1.8884533827431595,2.31557442981218,1,2,146,O,O,1.55,1.55,3.1,2.31557442981218,3.1,0.7469594934877999,True,,False,0,,,,,,,,,,,,,False,0,,,,,,,,,,,,,False,0,,,,,,,,,,,,0.045871559633027525,,,,2.284315385223036,0.6126819629262937,0.10268494324603507,2hk9_1_SKM_0
